2024-06-12 13:04:30,437 INFO a.j.Lab21Application [restartedMain] Starting Lab21Application using Java 19.0.1 with PID 9496 (D:\hk6\Block 1\Java 5\wsp1\asm\target\classes started by DIEUMY in D:\hk6\Block 1\Java 5\wsp1\asm)
2024-06-12 13:04:30,442 DEBUG a.j.Lab21Application [restartedMain] Running with Spring Boot v3.2.5, Spring v6.1.6
2024-06-12 13:04:30,442 INFO a.j.Lab21Application [restartedMain] No active profile set, falling back to 1 default profile: "default"
2024-06-12 13:04:30,807 INFO o.s.d.r.c.RepositoryConfigurationDelegate [restartedMain] Bootstrapping Spring Data JPA repositories in DEFAULT mode.
2024-06-12 13:04:30,866 INFO o.s.d.r.c.RepositoryConfigurationDelegate [restartedMain] Finished Spring Data repository scanning in 54 ms. Found 16 JPA repository interfaces.
2024-06-12 13:04:31,205 INFO o.a.c.h.Http11NioProtocol [restartedMain] Initializing ProtocolHandler ["http-nio-8080"]
2024-06-12 13:04:31,206 INFO o.a.c.c.StandardService [restartedMain] Starting service [Tomcat]
2024-06-12 13:04:31,206 INFO o.a.c.c.StandardEngine [restartedMain] Starting Servlet engine: [Apache Tomcat/10.1.20]
2024-06-12 13:04:31,372 WARN o.a.t.u.s.StandardJarScanner [restartedMain] Failed to scan [file:/C:/Users/DIEUMY/.m2/repository/xalan/xalan/2.7.2/serializer.jar] from classloader hierarchy
java.nio.file.NoSuchFileException: C:\Users\DIEUMY\.m2\repository\xalan\xalan\2.7.2\serializer.jar
	at java.base/sun.nio.fs.WindowsException.translateToIOException(WindowsException.java:85) ~[?:?]
	at java.base/sun.nio.fs.WindowsException.rethrowAsIOException(WindowsException.java:103) ~[?:?]
	at java.base/sun.nio.fs.WindowsException.rethrowAsIOException(WindowsException.java:108) ~[?:?]
	at java.base/sun.nio.fs.WindowsFileAttributeViews$Basic.readAttributes(WindowsFileAttributeViews.java:53) ~[?:?]
	at java.base/sun.nio.fs.WindowsFileAttributeViews$Basic.readAttributes(WindowsFileAttributeViews.java:38) ~[?:?]
	at java.base/sun.nio.fs.WindowsFileSystemProvider.readAttributes(WindowsFileSystemProvider.java:199) ~[?:?]
	at java.base/java.nio.file.Files.readAttributes(Files.java:1849) ~[?:?]
	at java.base/java.util.zip.ZipFile$Source.get(ZipFile.java:1279) ~[?:?]
	at java.base/java.util.zip.ZipFile$CleanableResource.<init>(ZipFile.java:710) ~[?:?]
	at java.base/java.util.zip.ZipFile.<init>(ZipFile.java:243) ~[?:?]
	at java.base/java.util.zip.ZipFile.<init>(ZipFile.java:172) ~[?:?]
	at java.base/java.util.jar.JarFile.<init>(JarFile.java:345) ~[?:?]
	at org.apache.tomcat.util.scan.JarFileUrlJar.<init>(JarFileUrlJar.java:65) ~[tomcat-embed-core-10.1.20.jar:10.1.20]
	at org.apache.tomcat.util.scan.JarFactory.newInstance(JarFactory.java:49) ~[tomcat-embed-core-10.1.20.jar:10.1.20]
	at org.apache.tomcat.util.scan.StandardJarScanner.process(StandardJarScanner.java:397) ~[tomcat-embed-core-10.1.20.jar:10.1.20]
	at org.apache.tomcat.util.scan.StandardJarScanner.processURLs(StandardJarScanner.java:332) [tomcat-embed-core-10.1.20.jar:10.1.20]
	at org.apache.tomcat.util.scan.StandardJarScanner.doScanClassPath(StandardJarScanner.java:297) [tomcat-embed-core-10.1.20.jar:10.1.20]
	at org.apache.tomcat.util.scan.StandardJarScanner.scan(StandardJarScanner.java:238) [tomcat-embed-core-10.1.20.jar:10.1.20]
	at org.apache.jasper.servlet.TldScanner.scanJars(TldScanner.java:262) [tomcat-embed-jasper-10.1.20.jar:10.1.20]
	at org.apache.jasper.servlet.TldScanner.scan(TldScanner.java:104) [tomcat-embed-jasper-10.1.20.jar:10.1.20]
	at org.apache.jasper.servlet.JasperInitializer.onStartup(JasperInitializer.java:83) [tomcat-embed-jasper-10.1.20.jar:10.1.20]
	at org.apache.catalina.core.StandardContext.startInternal(StandardContext.java:4880) [tomcat-embed-core-10.1.20.jar:10.1.20]
	at org.apache.catalina.util.LifecycleBase.start(LifecycleBase.java:171) [tomcat-embed-core-10.1.20.jar:10.1.20]
	at org.apache.catalina.core.ContainerBase$StartChild.call(ContainerBase.java:1332) [tomcat-embed-core-10.1.20.jar:10.1.20]
	at org.apache.catalina.core.ContainerBase$StartChild.call(ContainerBase.java:1322) [tomcat-embed-core-10.1.20.jar:10.1.20]
	at java.base/java.util.concurrent.FutureTask.run(FutureTask.java:317) [?:?]
	at org.apache.tomcat.util.threads.InlineExecutorService.execute(InlineExecutorService.java:75) [tomcat-embed-core-10.1.20.jar:10.1.20]
	at java.base/java.util.concurrent.AbstractExecutorService.submit(AbstractExecutorService.java:145) [?:?]
	at org.apache.catalina.core.ContainerBase.startInternal(ContainerBase.java:866) [tomcat-embed-core-10.1.20.jar:10.1.20]
	at org.apache.catalina.core.StandardHost.startInternal(StandardHost.java:845) [tomcat-embed-core-10.1.20.jar:10.1.20]
	at org.apache.catalina.util.LifecycleBase.start(LifecycleBase.java:171) [tomcat-embed-core-10.1.20.jar:10.1.20]
	at org.apache.catalina.core.ContainerBase$StartChild.call(ContainerBase.java:1332) [tomcat-embed-core-10.1.20.jar:10.1.20]
	at org.apache.catalina.core.ContainerBase$StartChild.call(ContainerBase.java:1322) [tomcat-embed-core-10.1.20.jar:10.1.20]
	at java.base/java.util.concurrent.FutureTask.run(FutureTask.java:317) [?:?]
	at org.apache.tomcat.util.threads.InlineExecutorService.execute(InlineExecutorService.java:75) [tomcat-embed-core-10.1.20.jar:10.1.20]
	at java.base/java.util.concurrent.AbstractExecutorService.submit(AbstractExecutorService.java:145) [?:?]
	at org.apache.catalina.core.ContainerBase.startInternal(ContainerBase.java:866) [tomcat-embed-core-10.1.20.jar:10.1.20]
	at org.apache.catalina.core.StandardEngine.startInternal(StandardEngine.java:240) [tomcat-embed-core-10.1.20.jar:10.1.20]
	at org.apache.catalina.util.LifecycleBase.start(LifecycleBase.java:171) [tomcat-embed-core-10.1.20.jar:10.1.20]
	at org.apache.catalina.core.StandardService.startInternal(StandardService.java:433) [tomcat-embed-core-10.1.20.jar:10.1.20]
	at org.apache.catalina.util.LifecycleBase.start(LifecycleBase.java:171) [tomcat-embed-core-10.1.20.jar:10.1.20]
	at org.apache.catalina.core.StandardServer.startInternal(StandardServer.java:921) [tomcat-embed-core-10.1.20.jar:10.1.20]
	at org.apache.catalina.util.LifecycleBase.start(LifecycleBase.java:171) [tomcat-embed-core-10.1.20.jar:10.1.20]
	at org.apache.catalina.startup.Tomcat.start(Tomcat.java:437) [tomcat-embed-core-10.1.20.jar:10.1.20]
	at org.springframework.boot.web.embedded.tomcat.TomcatWebServer.initialize(TomcatWebServer.java:126) [spring-boot-3.2.5.jar:3.2.5]
	at org.springframework.boot.web.embedded.tomcat.TomcatWebServer.<init>(TomcatWebServer.java:105) [spring-boot-3.2.5.jar:3.2.5]
	at org.springframework.boot.web.embedded.tomcat.TomcatServletWebServerFactory.getTomcatWebServer(TomcatServletWebServerFactory.java:499) [spring-boot-3.2.5.jar:3.2.5]
	at org.springframework.boot.web.embedded.tomcat.TomcatServletWebServerFactory.getWebServer(TomcatServletWebServerFactory.java:218) [spring-boot-3.2.5.jar:3.2.5]
	at org.springframework.boot.web.servlet.context.ServletWebServerApplicationContext.createWebServer(ServletWebServerApplicationContext.java:188) [spring-boot-3.2.5.jar:3.2.5]
	at org.springframework.boot.web.servlet.context.ServletWebServerApplicationContext.onRefresh(ServletWebServerApplicationContext.java:162) [spring-boot-3.2.5.jar:3.2.5]
	at org.springframework.context.support.AbstractApplicationContext.refresh(AbstractApplicationContext.java:618) [spring-context-6.1.6.jar:6.1.6]
	at org.springframework.boot.web.servlet.context.ServletWebServerApplicationContext.refresh(ServletWebServerApplicationContext.java:146) [spring-boot-3.2.5.jar:3.2.5]
	at org.springframework.boot.SpringApplication.refresh(SpringApplication.java:754) [spring-boot-3.2.5.jar:3.2.5]
	at org.springframework.boot.SpringApplication.refreshContext(SpringApplication.java:456) [spring-boot-3.2.5.jar:3.2.5]
	at org.springframework.boot.SpringApplication.run(SpringApplication.java:334) [spring-boot-3.2.5.jar:3.2.5]
	at org.springframework.boot.SpringApplication.run(SpringApplication.java:1354) [spring-boot-3.2.5.jar:3.2.5]
	at org.springframework.boot.SpringApplication.run(SpringApplication.java:1343) [spring-boot-3.2.5.jar:3.2.5]
	at asm.java5Nhom6.Lab21Application.main(Lab21Application.java:10) [classes/:?]
	at java.base/jdk.internal.reflect.DirectMethodHandleAccessor.invoke(DirectMethodHandleAccessor.java:104) ~[?:?]
	at java.base/java.lang.reflect.Method.invoke(Method.java:578) ~[?:?]
	at org.springframework.boot.devtools.restart.RestartLauncher.run(RestartLauncher.java:50) [spring-boot-devtools-3.2.5.jar:3.2.5]
2024-06-12 13:04:31,379 INFO o.a.j.s.TldScanner [restartedMain] At least one JAR was scanned for TLDs yet contained no TLDs. Enable debug logging for this logger for a complete list of JARs that were scanned but no TLDs were found in them. Skipping unneeded JARs during scanning can improve startup time and JSP compilation time.
2024-06-12 13:04:31,384 INFO o.a.c.c.C.[.[.[/] [restartedMain] Initializing Spring embedded WebApplicationContext
2024-06-12 13:04:31,493 INFO o.h.j.i.u.LogHelper [restartedMain] HHH000204: Processing PersistenceUnitInfo [name: default]
2024-06-12 13:04:31,522 INFO o.h.Version [restartedMain] HHH000412: Hibernate ORM core version 6.4.4.Final
2024-06-12 13:04:31,540 INFO o.h.c.i.RegionFactoryInitiator [restartedMain] HHH000026: Second-level cache disabled
2024-06-12 13:04:31,661 INFO o.s.o.j.p.SpringPersistenceUnitInfo [restartedMain] No LoadTimeWeaver setup: ignoring JPA class transformer
2024-06-12 13:04:31,677 INFO c.z.h.HikariDataSource [restartedMain] HikariPool-1 - Starting...
2024-06-12 13:04:31,819 INFO c.z.h.p.HikariPool [restartedMain] HikariPool-1 - Added connection ConnectionID:1 ClientConnectionId: 5aa02fa2-a541-47f2-8aaa-f545ae1b33a4
2024-06-12 13:04:31,820 INFO c.z.h.HikariDataSource [restartedMain] HikariPool-1 - Start completed.
2024-06-12 13:04:31,835 WARN o.h.o.deprecation [restartedMain] HHH90000025: SQLServerDialect does not need to be specified explicitly using 'hibernate.dialect' (remove the property setting and it will be selected by default)
2024-06-12 13:04:32,495 INFO o.h.e.t.j.p.i.JtaPlatformInitiator [restartedMain] HHH000489: No JTA platform available (set 'hibernate.transaction.jta.platform' to enable JTA platform integration)
2024-06-12 13:04:32,496 INFO o.s.o.j.LocalContainerEntityManagerFactoryBean [restartedMain] Initialized JPA EntityManagerFactory for persistence unit 'default'
2024-06-12 13:04:32,635 INFO o.s.d.j.r.q.QueryEnhancerFactory [restartedMain] Hibernate is in classpath; If applicable, HQL parser will be used.
2024-06-12 13:04:33,417 INFO o.a.c.h.Http11NioProtocol [restartedMain] Starting ProtocolHandler ["http-nio-8080"]
2024-06-12 13:04:33,437 INFO a.j.Lab21Application [restartedMain] Started Lab21Application in 3.174 seconds (process running for 3.725)
2024-06-12 13:04:36,937 INFO o.a.c.c.C.[.[.[/] [http-nio-8080-exec-1] Initializing Spring DispatcherServlet 'dispatcherServlet'
2024-06-12 13:04:36,938 INFO o.s.w.s.DispatcherServlet [http-nio-8080-exec-1] Initializing Servlet 'dispatcherServlet'
2024-06-12 13:04:36,938 INFO o.s.w.s.DispatcherServlet [http-nio-8080-exec-1] Completed initialization in 0 ms
2024-06-12 13:05:00,583 INFO a.j.c.UsersController [http-nio-8080-exec-9] binh123 Đăng nhập thành công
2024-06-12 13:05:12,026 INFO a.j.c.CartController [http-nio-8080-exec-2] User: binh123 thêm Product_Size_Color asm.java5Nhom6.entity.Product_Size_Color@11c56955 vào giỏ hàng
2024-06-12 13:08:05,292 INFO o.a.c.h.Http11NioProtocol [Thread-5] Stopping ProtocolHandler ["http-nio-8080"]
2024-06-12 13:08:05,301 INFO o.s.o.j.LocalContainerEntityManagerFactoryBean [Thread-5] Closing JPA EntityManagerFactory for persistence unit 'default'
2024-06-12 13:08:05,303 INFO c.z.h.HikariDataSource [Thread-5] HikariPool-1 - Shutdown initiated...
2024-06-12 13:08:05,305 INFO c.z.h.HikariDataSource [Thread-5] HikariPool-1 - Shutdown completed.
2024-06-12 13:08:05,372 INFO a.j.Lab21Application [restartedMain] Starting Lab21Application using Java 19.0.1 with PID 9496 (D:\hk6\Block 1\Java 5\wsp1\asm\target\classes started by DIEUMY in D:\hk6\Block 1\Java 5\wsp1\asm)
2024-06-12 13:08:05,372 DEBUG a.j.Lab21Application [restartedMain] Running with Spring Boot v3.2.5, Spring v6.1.6
2024-06-12 13:08:05,372 INFO a.j.Lab21Application [restartedMain] No active profile set, falling back to 1 default profile: "default"
2024-06-12 13:08:05,475 INFO o.s.d.r.c.RepositoryConfigurationDelegate [restartedMain] Bootstrapping Spring Data JPA repositories in DEFAULT mode.
2024-06-12 13:08:05,496 INFO o.s.d.r.c.RepositoryConfigurationDelegate [restartedMain] Finished Spring Data repository scanning in 20 ms. Found 16 JPA repository interfaces.
2024-06-12 13:08:05,566 INFO o.a.c.h.Http11NioProtocol [restartedMain] Initializing ProtocolHandler ["http-nio-8080"]
2024-06-12 13:08:05,566 INFO o.a.c.c.StandardService [restartedMain] Starting service [Tomcat]
2024-06-12 13:08:05,566 INFO o.a.c.c.StandardEngine [restartedMain] Starting Servlet engine: [Apache Tomcat/10.1.20]
2024-06-12 13:08:05,666 WARN o.a.t.u.s.StandardJarScanner [restartedMain] Failed to scan [file:/C:/Users/DIEUMY/.m2/repository/xalan/xalan/2.7.2/serializer.jar] from classloader hierarchy
java.nio.file.NoSuchFileException: C:\Users\DIEUMY\.m2\repository\xalan\xalan\2.7.2\serializer.jar
	at java.base/sun.nio.fs.WindowsException.translateToIOException(WindowsException.java:85) ~[?:?]
	at java.base/sun.nio.fs.WindowsException.rethrowAsIOException(WindowsException.java:103) ~[?:?]
	at java.base/sun.nio.fs.WindowsException.rethrowAsIOException(WindowsException.java:108) ~[?:?]
	at java.base/sun.nio.fs.WindowsFileAttributeViews$Basic.readAttributes(WindowsFileAttributeViews.java:53) ~[?:?]
	at java.base/sun.nio.fs.WindowsFileAttributeViews$Basic.readAttributes(WindowsFileAttributeViews.java:38) ~[?:?]
	at java.base/sun.nio.fs.WindowsFileSystemProvider.readAttributes(WindowsFileSystemProvider.java:199) ~[?:?]
	at java.base/java.nio.file.Files.readAttributes(Files.java:1849) ~[?:?]
	at java.base/java.util.zip.ZipFile$Source.get(ZipFile.java:1279) ~[?:?]
	at java.base/java.util.zip.ZipFile$CleanableResource.<init>(ZipFile.java:710) ~[?:?]
	at java.base/java.util.zip.ZipFile.<init>(ZipFile.java:243) ~[?:?]
	at java.base/java.util.zip.ZipFile.<init>(ZipFile.java:172) ~[?:?]
	at java.base/java.util.jar.JarFile.<init>(JarFile.java:345) ~[?:?]
	at org.apache.tomcat.util.scan.JarFileUrlJar.<init>(JarFileUrlJar.java:65) ~[tomcat-embed-core-10.1.20.jar:10.1.20]
	at org.apache.tomcat.util.scan.JarFactory.newInstance(JarFactory.java:49) ~[tomcat-embed-core-10.1.20.jar:10.1.20]
	at org.apache.tomcat.util.scan.StandardJarScanner.process(StandardJarScanner.java:397) ~[tomcat-embed-core-10.1.20.jar:10.1.20]
	at org.apache.tomcat.util.scan.StandardJarScanner.processURLs(StandardJarScanner.java:332) [tomcat-embed-core-10.1.20.jar:10.1.20]
	at org.apache.tomcat.util.scan.StandardJarScanner.doScanClassPath(StandardJarScanner.java:297) [tomcat-embed-core-10.1.20.jar:10.1.20]
	at org.apache.tomcat.util.scan.StandardJarScanner.scan(StandardJarScanner.java:238) [tomcat-embed-core-10.1.20.jar:10.1.20]
	at org.apache.jasper.servlet.TldScanner.scanJars(TldScanner.java:262) [tomcat-embed-jasper-10.1.20.jar:10.1.20]
	at org.apache.jasper.servlet.TldScanner.scan(TldScanner.java:104) [tomcat-embed-jasper-10.1.20.jar:10.1.20]
	at org.apache.jasper.servlet.JasperInitializer.onStartup(JasperInitializer.java:83) [tomcat-embed-jasper-10.1.20.jar:10.1.20]
	at org.apache.catalina.core.StandardContext.startInternal(StandardContext.java:4880) [tomcat-embed-core-10.1.20.jar:10.1.20]
	at org.apache.catalina.util.LifecycleBase.start(LifecycleBase.java:171) [tomcat-embed-core-10.1.20.jar:10.1.20]
	at org.apache.catalina.core.ContainerBase$StartChild.call(ContainerBase.java:1332) [tomcat-embed-core-10.1.20.jar:10.1.20]
	at org.apache.catalina.core.ContainerBase$StartChild.call(ContainerBase.java:1322) [tomcat-embed-core-10.1.20.jar:10.1.20]
	at java.base/java.util.concurrent.FutureTask.run(FutureTask.java:317) [?:?]
	at org.apache.tomcat.util.threads.InlineExecutorService.execute(InlineExecutorService.java:75) [tomcat-embed-core-10.1.20.jar:10.1.20]
	at java.base/java.util.concurrent.AbstractExecutorService.submit(AbstractExecutorService.java:145) [?:?]
	at org.apache.catalina.core.ContainerBase.startInternal(ContainerBase.java:866) [tomcat-embed-core-10.1.20.jar:10.1.20]
	at org.apache.catalina.core.StandardHost.startInternal(StandardHost.java:845) [tomcat-embed-core-10.1.20.jar:10.1.20]
	at org.apache.catalina.util.LifecycleBase.start(LifecycleBase.java:171) [tomcat-embed-core-10.1.20.jar:10.1.20]
	at org.apache.catalina.core.ContainerBase$StartChild.call(ContainerBase.java:1332) [tomcat-embed-core-10.1.20.jar:10.1.20]
	at org.apache.catalina.core.ContainerBase$StartChild.call(ContainerBase.java:1322) [tomcat-embed-core-10.1.20.jar:10.1.20]
	at java.base/java.util.concurrent.FutureTask.run(FutureTask.java:317) [?:?]
	at org.apache.tomcat.util.threads.InlineExecutorService.execute(InlineExecutorService.java:75) [tomcat-embed-core-10.1.20.jar:10.1.20]
	at java.base/java.util.concurrent.AbstractExecutorService.submit(AbstractExecutorService.java:145) [?:?]
	at org.apache.catalina.core.ContainerBase.startInternal(ContainerBase.java:866) [tomcat-embed-core-10.1.20.jar:10.1.20]
	at org.apache.catalina.core.StandardEngine.startInternal(StandardEngine.java:240) [tomcat-embed-core-10.1.20.jar:10.1.20]
	at org.apache.catalina.util.LifecycleBase.start(LifecycleBase.java:171) [tomcat-embed-core-10.1.20.jar:10.1.20]
	at org.apache.catalina.core.StandardService.startInternal(StandardService.java:433) [tomcat-embed-core-10.1.20.jar:10.1.20]
	at org.apache.catalina.util.LifecycleBase.start(LifecycleBase.java:171) [tomcat-embed-core-10.1.20.jar:10.1.20]
	at org.apache.catalina.core.StandardServer.startInternal(StandardServer.java:921) [tomcat-embed-core-10.1.20.jar:10.1.20]
	at org.apache.catalina.util.LifecycleBase.start(LifecycleBase.java:171) [tomcat-embed-core-10.1.20.jar:10.1.20]
	at org.apache.catalina.startup.Tomcat.start(Tomcat.java:437) [tomcat-embed-core-10.1.20.jar:10.1.20]
	at org.springframework.boot.web.embedded.tomcat.TomcatWebServer.initialize(TomcatWebServer.java:126) [spring-boot-3.2.5.jar:3.2.5]
	at org.springframework.boot.web.embedded.tomcat.TomcatWebServer.<init>(TomcatWebServer.java:105) [spring-boot-3.2.5.jar:3.2.5]
	at org.springframework.boot.web.embedded.tomcat.TomcatServletWebServerFactory.getTomcatWebServer(TomcatServletWebServerFactory.java:499) [spring-boot-3.2.5.jar:3.2.5]
	at org.springframework.boot.web.embedded.tomcat.TomcatServletWebServerFactory.getWebServer(TomcatServletWebServerFactory.java:218) [spring-boot-3.2.5.jar:3.2.5]
	at org.springframework.boot.web.servlet.context.ServletWebServerApplicationContext.createWebServer(ServletWebServerApplicationContext.java:188) [spring-boot-3.2.5.jar:3.2.5]
	at org.springframework.boot.web.servlet.context.ServletWebServerApplicationContext.onRefresh(ServletWebServerApplicationContext.java:162) [spring-boot-3.2.5.jar:3.2.5]
	at org.springframework.context.support.AbstractApplicationContext.refresh(AbstractApplicationContext.java:618) [spring-context-6.1.6.jar:6.1.6]
	at org.springframework.boot.web.servlet.context.ServletWebServerApplicationContext.refresh(ServletWebServerApplicationContext.java:146) [spring-boot-3.2.5.jar:3.2.5]
	at org.springframework.boot.SpringApplication.refresh(SpringApplication.java:754) [spring-boot-3.2.5.jar:3.2.5]
	at org.springframework.boot.SpringApplication.refreshContext(SpringApplication.java:456) [spring-boot-3.2.5.jar:3.2.5]
	at org.springframework.boot.SpringApplication.run(SpringApplication.java:334) [spring-boot-3.2.5.jar:3.2.5]
	at org.springframework.boot.SpringApplication.run(SpringApplication.java:1354) [spring-boot-3.2.5.jar:3.2.5]
	at org.springframework.boot.SpringApplication.run(SpringApplication.java:1343) [spring-boot-3.2.5.jar:3.2.5]
	at asm.java5Nhom6.Lab21Application.main(Lab21Application.java:10) [classes/:?]
	at java.base/jdk.internal.reflect.DirectMethodHandleAccessor.invoke(DirectMethodHandleAccessor.java:104) ~[?:?]
	at java.base/java.lang.reflect.Method.invoke(Method.java:578) ~[?:?]
	at org.springframework.boot.devtools.restart.RestartLauncher.run(RestartLauncher.java:50) [spring-boot-devtools-3.2.5.jar:3.2.5]
2024-06-12 13:08:05,666 INFO o.a.j.s.TldScanner [restartedMain] At least one JAR was scanned for TLDs yet contained no TLDs. Enable debug logging for this logger for a complete list of JARs that were scanned but no TLDs were found in them. Skipping unneeded JARs during scanning can improve startup time and JSP compilation time.
2024-06-12 13:08:05,669 INFO o.a.c.c.C.[.[.[/] [restartedMain] Initializing Spring embedded WebApplicationContext
2024-06-12 13:08:05,677 WARN o.a.c.c.C.[.[.[/] [restartedMain] Cannot deserialize session attribute [addressSession] for session [AB0A22BE8F7C516DE45B38C198C7C22A]
2024-06-12 13:08:05,704 INFO o.h.j.i.u.LogHelper [restartedMain] HHH000204: Processing PersistenceUnitInfo [name: default]
2024-06-12 13:08:05,706 INFO o.h.c.i.RegionFactoryInitiator [restartedMain] HHH000026: Second-level cache disabled
2024-06-12 13:08:05,709 INFO o.s.o.j.p.SpringPersistenceUnitInfo [restartedMain] No LoadTimeWeaver setup: ignoring JPA class transformer
2024-06-12 13:08:05,710 INFO c.z.h.HikariDataSource [restartedMain] HikariPool-2 - Starting...
2024-06-12 13:08:05,726 INFO c.z.h.p.HikariPool [restartedMain] HikariPool-2 - Added connection ConnectionID:11 ClientConnectionId: 01da6a4c-1699-4d09-9a3a-6a0d6ad2c6e4
2024-06-12 13:08:05,727 INFO c.z.h.HikariDataSource [restartedMain] HikariPool-2 - Start completed.
2024-06-12 13:08:05,727 WARN o.h.o.deprecation [restartedMain] HHH90000025: SQLServerDialect does not need to be specified explicitly using 'hibernate.dialect' (remove the property setting and it will be selected by default)
2024-06-12 13:08:05,834 INFO o.h.e.t.j.p.i.JtaPlatformInitiator [restartedMain] HHH000489: No JTA platform available (set 'hibernate.transaction.jta.platform' to enable JTA platform integration)
2024-06-12 13:08:05,835 INFO o.s.o.j.LocalContainerEntityManagerFactoryBean [restartedMain] Initialized JPA EntityManagerFactory for persistence unit 'default'
2024-06-12 13:08:06,073 INFO o.a.c.h.Http11NioProtocol [restartedMain] Starting ProtocolHandler ["http-nio-8080"]
2024-06-12 13:08:06,079 INFO a.j.Lab21Application [restartedMain] Started Lab21Application in 0.732 seconds (process running for 216.345)
2024-06-12 13:08:49,110 INFO o.a.c.h.Http11NioProtocol [Thread-7] Stopping ProtocolHandler ["http-nio-8080"]
2024-06-12 13:08:49,117 INFO o.s.o.j.LocalContainerEntityManagerFactoryBean [Thread-7] Closing JPA EntityManagerFactory for persistence unit 'default'
2024-06-12 13:08:49,118 INFO c.z.h.HikariDataSource [Thread-7] HikariPool-2 - Shutdown initiated...
2024-06-12 13:08:49,119 INFO c.z.h.HikariDataSource [Thread-7] HikariPool-2 - Shutdown completed.
2024-06-12 13:08:49,175 INFO a.j.Lab21Application [restartedMain] Starting Lab21Application using Java 19.0.1 with PID 9496 (D:\hk6\Block 1\Java 5\wsp1\asm\target\classes started by DIEUMY in D:\hk6\Block 1\Java 5\wsp1\asm)
2024-06-12 13:08:49,176 DEBUG a.j.Lab21Application [restartedMain] Running with Spring Boot v3.2.5, Spring v6.1.6
2024-06-12 13:08:49,176 INFO a.j.Lab21Application [restartedMain] No active profile set, falling back to 1 default profile: "default"
2024-06-12 13:08:49,270 INFO o.s.d.r.c.RepositoryConfigurationDelegate [restartedMain] Bootstrapping Spring Data JPA repositories in DEFAULT mode.
2024-06-12 13:08:49,290 INFO o.s.d.r.c.RepositoryConfigurationDelegate [restartedMain] Finished Spring Data repository scanning in 20 ms. Found 16 JPA repository interfaces.
2024-06-12 13:08:49,343 INFO o.a.c.h.Http11NioProtocol [restartedMain] Initializing ProtocolHandler ["http-nio-8080"]
2024-06-12 13:08:49,343 INFO o.a.c.c.StandardService [restartedMain] Starting service [Tomcat]
2024-06-12 13:08:49,343 INFO o.a.c.c.StandardEngine [restartedMain] Starting Servlet engine: [Apache Tomcat/10.1.20]
2024-06-12 13:08:49,437 WARN o.a.t.u.s.StandardJarScanner [restartedMain] Failed to scan [file:/C:/Users/DIEUMY/.m2/repository/xalan/xalan/2.7.2/serializer.jar] from classloader hierarchy
java.nio.file.NoSuchFileException: C:\Users\DIEUMY\.m2\repository\xalan\xalan\2.7.2\serializer.jar
	at java.base/sun.nio.fs.WindowsException.translateToIOException(WindowsException.java:85) ~[?:?]
	at java.base/sun.nio.fs.WindowsException.rethrowAsIOException(WindowsException.java:103) ~[?:?]
	at java.base/sun.nio.fs.WindowsException.rethrowAsIOException(WindowsException.java:108) ~[?:?]
	at java.base/sun.nio.fs.WindowsFileAttributeViews$Basic.readAttributes(WindowsFileAttributeViews.java:53) ~[?:?]
	at java.base/sun.nio.fs.WindowsFileAttributeViews$Basic.readAttributes(WindowsFileAttributeViews.java:38) ~[?:?]
	at java.base/sun.nio.fs.WindowsFileSystemProvider.readAttributes(WindowsFileSystemProvider.java:199) ~[?:?]
	at java.base/java.nio.file.Files.readAttributes(Files.java:1849) ~[?:?]
	at java.base/java.util.zip.ZipFile$Source.get(ZipFile.java:1279) ~[?:?]
	at java.base/java.util.zip.ZipFile$CleanableResource.<init>(ZipFile.java:710) ~[?:?]
	at java.base/java.util.zip.ZipFile.<init>(ZipFile.java:243) ~[?:?]
	at java.base/java.util.zip.ZipFile.<init>(ZipFile.java:172) ~[?:?]
	at java.base/java.util.jar.JarFile.<init>(JarFile.java:345) ~[?:?]
	at org.apache.tomcat.util.scan.JarFileUrlJar.<init>(JarFileUrlJar.java:65) ~[tomcat-embed-core-10.1.20.jar:10.1.20]
	at org.apache.tomcat.util.scan.JarFactory.newInstance(JarFactory.java:49) ~[tomcat-embed-core-10.1.20.jar:10.1.20]
	at org.apache.tomcat.util.scan.StandardJarScanner.process(StandardJarScanner.java:397) ~[tomcat-embed-core-10.1.20.jar:10.1.20]
	at org.apache.tomcat.util.scan.StandardJarScanner.processURLs(StandardJarScanner.java:332) [tomcat-embed-core-10.1.20.jar:10.1.20]
	at org.apache.tomcat.util.scan.StandardJarScanner.doScanClassPath(StandardJarScanner.java:297) [tomcat-embed-core-10.1.20.jar:10.1.20]
	at org.apache.tomcat.util.scan.StandardJarScanner.scan(StandardJarScanner.java:238) [tomcat-embed-core-10.1.20.jar:10.1.20]
	at org.apache.jasper.servlet.TldScanner.scanJars(TldScanner.java:262) [tomcat-embed-jasper-10.1.20.jar:10.1.20]
	at org.apache.jasper.servlet.TldScanner.scan(TldScanner.java:104) [tomcat-embed-jasper-10.1.20.jar:10.1.20]
	at org.apache.jasper.servlet.JasperInitializer.onStartup(JasperInitializer.java:83) [tomcat-embed-jasper-10.1.20.jar:10.1.20]
	at org.apache.catalina.core.StandardContext.startInternal(StandardContext.java:4880) [tomcat-embed-core-10.1.20.jar:10.1.20]
	at org.apache.catalina.util.LifecycleBase.start(LifecycleBase.java:171) [tomcat-embed-core-10.1.20.jar:10.1.20]
	at org.apache.catalina.core.ContainerBase$StartChild.call(ContainerBase.java:1332) [tomcat-embed-core-10.1.20.jar:10.1.20]
	at org.apache.catalina.core.ContainerBase$StartChild.call(ContainerBase.java:1322) [tomcat-embed-core-10.1.20.jar:10.1.20]
	at java.base/java.util.concurrent.FutureTask.run(FutureTask.java:317) [?:?]
	at org.apache.tomcat.util.threads.InlineExecutorService.execute(InlineExecutorService.java:75) [tomcat-embed-core-10.1.20.jar:10.1.20]
	at java.base/java.util.concurrent.AbstractExecutorService.submit(AbstractExecutorService.java:145) [?:?]
	at org.apache.catalina.core.ContainerBase.startInternal(ContainerBase.java:866) [tomcat-embed-core-10.1.20.jar:10.1.20]
	at org.apache.catalina.core.StandardHost.startInternal(StandardHost.java:845) [tomcat-embed-core-10.1.20.jar:10.1.20]
	at org.apache.catalina.util.LifecycleBase.start(LifecycleBase.java:171) [tomcat-embed-core-10.1.20.jar:10.1.20]
	at org.apache.catalina.core.ContainerBase$StartChild.call(ContainerBase.java:1332) [tomcat-embed-core-10.1.20.jar:10.1.20]
	at org.apache.catalina.core.ContainerBase$StartChild.call(ContainerBase.java:1322) [tomcat-embed-core-10.1.20.jar:10.1.20]
	at java.base/java.util.concurrent.FutureTask.run(FutureTask.java:317) [?:?]
	at org.apache.tomcat.util.threads.InlineExecutorService.execute(InlineExecutorService.java:75) [tomcat-embed-core-10.1.20.jar:10.1.20]
	at java.base/java.util.concurrent.AbstractExecutorService.submit(AbstractExecutorService.java:145) [?:?]
	at org.apache.catalina.core.ContainerBase.startInternal(ContainerBase.java:866) [tomcat-embed-core-10.1.20.jar:10.1.20]
	at org.apache.catalina.core.StandardEngine.startInternal(StandardEngine.java:240) [tomcat-embed-core-10.1.20.jar:10.1.20]
	at org.apache.catalina.util.LifecycleBase.start(LifecycleBase.java:171) [tomcat-embed-core-10.1.20.jar:10.1.20]
	at org.apache.catalina.core.StandardService.startInternal(StandardService.java:433) [tomcat-embed-core-10.1.20.jar:10.1.20]
	at org.apache.catalina.util.LifecycleBase.start(LifecycleBase.java:171) [tomcat-embed-core-10.1.20.jar:10.1.20]
	at org.apache.catalina.core.StandardServer.startInternal(StandardServer.java:921) [tomcat-embed-core-10.1.20.jar:10.1.20]
	at org.apache.catalina.util.LifecycleBase.start(LifecycleBase.java:171) [tomcat-embed-core-10.1.20.jar:10.1.20]
	at org.apache.catalina.startup.Tomcat.start(Tomcat.java:437) [tomcat-embed-core-10.1.20.jar:10.1.20]
	at org.springframework.boot.web.embedded.tomcat.TomcatWebServer.initialize(TomcatWebServer.java:126) [spring-boot-3.2.5.jar:3.2.5]
	at org.springframework.boot.web.embedded.tomcat.TomcatWebServer.<init>(TomcatWebServer.java:105) [spring-boot-3.2.5.jar:3.2.5]
	at org.springframework.boot.web.embedded.tomcat.TomcatServletWebServerFactory.getTomcatWebServer(TomcatServletWebServerFactory.java:499) [spring-boot-3.2.5.jar:3.2.5]
	at org.springframework.boot.web.embedded.tomcat.TomcatServletWebServerFactory.getWebServer(TomcatServletWebServerFactory.java:218) [spring-boot-3.2.5.jar:3.2.5]
	at org.springframework.boot.web.servlet.context.ServletWebServerApplicationContext.createWebServer(ServletWebServerApplicationContext.java:188) [spring-boot-3.2.5.jar:3.2.5]
	at org.springframework.boot.web.servlet.context.ServletWebServerApplicationContext.onRefresh(ServletWebServerApplicationContext.java:162) [spring-boot-3.2.5.jar:3.2.5]
	at org.springframework.context.support.AbstractApplicationContext.refresh(AbstractApplicationContext.java:618) [spring-context-6.1.6.jar:6.1.6]
	at org.springframework.boot.web.servlet.context.ServletWebServerApplicationContext.refresh(ServletWebServerApplicationContext.java:146) [spring-boot-3.2.5.jar:3.2.5]
	at org.springframework.boot.SpringApplication.refresh(SpringApplication.java:754) [spring-boot-3.2.5.jar:3.2.5]
	at org.springframework.boot.SpringApplication.refreshContext(SpringApplication.java:456) [spring-boot-3.2.5.jar:3.2.5]
	at org.springframework.boot.SpringApplication.run(SpringApplication.java:334) [spring-boot-3.2.5.jar:3.2.5]
	at org.springframework.boot.SpringApplication.run(SpringApplication.java:1354) [spring-boot-3.2.5.jar:3.2.5]
	at org.springframework.boot.SpringApplication.run(SpringApplication.java:1343) [spring-boot-3.2.5.jar:3.2.5]
	at asm.java5Nhom6.Lab21Application.main(Lab21Application.java:10) [classes/:?]
	at java.base/jdk.internal.reflect.DirectMethodHandleAccessor.invoke(DirectMethodHandleAccessor.java:104) ~[?:?]
	at java.base/java.lang.reflect.Method.invoke(Method.java:578) ~[?:?]
	at org.springframework.boot.devtools.restart.RestartLauncher.run(RestartLauncher.java:50) [spring-boot-devtools-3.2.5.jar:3.2.5]
2024-06-12 13:08:49,438 INFO o.a.j.s.TldScanner [restartedMain] At least one JAR was scanned for TLDs yet contained no TLDs. Enable debug logging for this logger for a complete list of JARs that were scanned but no TLDs were found in them. Skipping unneeded JARs during scanning can improve startup time and JSP compilation time.
2024-06-12 13:08:49,441 INFO o.a.c.c.C.[.[.[/] [restartedMain] Initializing Spring embedded WebApplicationContext
2024-06-12 13:08:49,460 INFO o.h.j.i.u.LogHelper [restartedMain] HHH000204: Processing PersistenceUnitInfo [name: default]
2024-06-12 13:08:49,462 INFO o.h.c.i.RegionFactoryInitiator [restartedMain] HHH000026: Second-level cache disabled
2024-06-12 13:08:49,464 INFO o.s.o.j.p.SpringPersistenceUnitInfo [restartedMain] No LoadTimeWeaver setup: ignoring JPA class transformer
2024-06-12 13:08:49,465 INFO c.z.h.HikariDataSource [restartedMain] HikariPool-3 - Starting...
2024-06-12 13:08:49,480 INFO c.z.h.p.HikariPool [restartedMain] HikariPool-3 - Added connection ConnectionID:21 ClientConnectionId: 4cff31ef-91b8-4934-83fc-918ef8c580d6
2024-06-12 13:08:49,480 INFO c.z.h.HikariDataSource [restartedMain] HikariPool-3 - Start completed.
2024-06-12 13:08:49,480 WARN o.h.o.deprecation [restartedMain] HHH90000025: SQLServerDialect does not need to be specified explicitly using 'hibernate.dialect' (remove the property setting and it will be selected by default)
2024-06-12 13:08:49,576 INFO o.h.e.t.j.p.i.JtaPlatformInitiator [restartedMain] HHH000489: No JTA platform available (set 'hibernate.transaction.jta.platform' to enable JTA platform integration)
2024-06-12 13:08:49,576 INFO o.s.o.j.LocalContainerEntityManagerFactoryBean [restartedMain] Initialized JPA EntityManagerFactory for persistence unit 'default'
2024-06-12 13:08:49,776 INFO o.a.c.h.Http11NioProtocol [restartedMain] Starting ProtocolHandler ["http-nio-8080"]
2024-06-12 13:08:49,781 INFO a.j.Lab21Application [restartedMain] Started Lab21Application in 0.626 seconds (process running for 260.043)
2024-06-12 13:10:56,844 INFO o.a.c.c.C.[.[.[/] [http-nio-8080-exec-1] Initializing Spring DispatcherServlet 'dispatcherServlet'
2024-06-12 13:10:56,845 INFO o.s.w.s.DispatcherServlet [http-nio-8080-exec-1] Initializing Servlet 'dispatcherServlet'
2024-06-12 13:10:56,845 INFO o.s.w.s.DispatcherServlet [http-nio-8080-exec-1] Completed initialization in 0 ms
2024-06-12 13:11:09,528 INFO a.j.c.UsersController [http-nio-8080-exec-7] myntd Đăng nhập thành công
2024-06-12 13:11:28,800 INFO a.j.c.CartController [http-nio-8080-exec-3] User: myntd thêm Product_Size_Color 122 vào giỏ hàng
2024-06-12 13:14:53,138 INFO o.a.c.h.Http11NioProtocol [Thread-11] Stopping ProtocolHandler ["http-nio-8080"]
2024-06-12 13:14:53,145 INFO o.s.o.j.LocalContainerEntityManagerFactoryBean [Thread-11] Closing JPA EntityManagerFactory for persistence unit 'default'
2024-06-12 13:14:53,145 INFO c.z.h.HikariDataSource [Thread-11] HikariPool-3 - Shutdown initiated...
2024-06-12 13:14:53,146 INFO c.z.h.HikariDataSource [Thread-11] HikariPool-3 - Shutdown completed.
2024-06-12 13:14:53,213 INFO a.j.Lab21Application [restartedMain] Starting Lab21Application using Java 19.0.1 with PID 9496 (D:\hk6\Block 1\Java 5\wsp1\asm\target\classes started by DIEUMY in D:\hk6\Block 1\Java 5\wsp1\asm)
2024-06-12 13:14:53,213 DEBUG a.j.Lab21Application [restartedMain] Running with Spring Boot v3.2.5, Spring v6.1.6
2024-06-12 13:14:53,213 INFO a.j.Lab21Application [restartedMain] No active profile set, falling back to 1 default profile: "default"
2024-06-12 13:14:53,306 INFO o.s.d.r.c.RepositoryConfigurationDelegate [restartedMain] Bootstrapping Spring Data JPA repositories in DEFAULT mode.
2024-06-12 13:14:53,325 INFO o.s.d.r.c.RepositoryConfigurationDelegate [restartedMain] Finished Spring Data repository scanning in 19 ms. Found 16 JPA repository interfaces.
2024-06-12 13:14:53,407 INFO o.a.c.h.Http11NioProtocol [restartedMain] Initializing ProtocolHandler ["http-nio-8080"]
2024-06-12 13:14:53,408 INFO o.a.c.c.StandardService [restartedMain] Starting service [Tomcat]
2024-06-12 13:14:53,408 INFO o.a.c.c.StandardEngine [restartedMain] Starting Servlet engine: [Apache Tomcat/10.1.20]
2024-06-12 13:14:53,507 WARN o.a.t.u.s.StandardJarScanner [restartedMain] Failed to scan [file:/C:/Users/DIEUMY/.m2/repository/xalan/xalan/2.7.2/serializer.jar] from classloader hierarchy
java.nio.file.NoSuchFileException: C:\Users\DIEUMY\.m2\repository\xalan\xalan\2.7.2\serializer.jar
	at java.base/sun.nio.fs.WindowsException.translateToIOException(WindowsException.java:85) ~[?:?]
	at java.base/sun.nio.fs.WindowsException.rethrowAsIOException(WindowsException.java:103) ~[?:?]
	at java.base/sun.nio.fs.WindowsException.rethrowAsIOException(WindowsException.java:108) ~[?:?]
	at java.base/sun.nio.fs.WindowsFileAttributeViews$Basic.readAttributes(WindowsFileAttributeViews.java:53) ~[?:?]
	at java.base/sun.nio.fs.WindowsFileAttributeViews$Basic.readAttributes(WindowsFileAttributeViews.java:38) ~[?:?]
	at java.base/sun.nio.fs.WindowsFileSystemProvider.readAttributes(WindowsFileSystemProvider.java:199) ~[?:?]
	at java.base/java.nio.file.Files.readAttributes(Files.java:1849) ~[?:?]
	at java.base/java.util.zip.ZipFile$Source.get(ZipFile.java:1279) ~[?:?]
	at java.base/java.util.zip.ZipFile$CleanableResource.<init>(ZipFile.java:710) ~[?:?]
	at java.base/java.util.zip.ZipFile.<init>(ZipFile.java:243) ~[?:?]
	at java.base/java.util.zip.ZipFile.<init>(ZipFile.java:172) ~[?:?]
	at java.base/java.util.jar.JarFile.<init>(JarFile.java:345) ~[?:?]
	at org.apache.tomcat.util.scan.JarFileUrlJar.<init>(JarFileUrlJar.java:65) ~[tomcat-embed-core-10.1.20.jar:10.1.20]
	at org.apache.tomcat.util.scan.JarFactory.newInstance(JarFactory.java:49) ~[tomcat-embed-core-10.1.20.jar:10.1.20]
	at org.apache.tomcat.util.scan.StandardJarScanner.process(StandardJarScanner.java:397) ~[tomcat-embed-core-10.1.20.jar:10.1.20]
	at org.apache.tomcat.util.scan.StandardJarScanner.processURLs(StandardJarScanner.java:332) [tomcat-embed-core-10.1.20.jar:10.1.20]
	at org.apache.tomcat.util.scan.StandardJarScanner.doScanClassPath(StandardJarScanner.java:297) [tomcat-embed-core-10.1.20.jar:10.1.20]
	at org.apache.tomcat.util.scan.StandardJarScanner.scan(StandardJarScanner.java:238) [tomcat-embed-core-10.1.20.jar:10.1.20]
	at org.apache.jasper.servlet.TldScanner.scanJars(TldScanner.java:262) [tomcat-embed-jasper-10.1.20.jar:10.1.20]
	at org.apache.jasper.servlet.TldScanner.scan(TldScanner.java:104) [tomcat-embed-jasper-10.1.20.jar:10.1.20]
	at org.apache.jasper.servlet.JasperInitializer.onStartup(JasperInitializer.java:83) [tomcat-embed-jasper-10.1.20.jar:10.1.20]
	at org.apache.catalina.core.StandardContext.startInternal(StandardContext.java:4880) [tomcat-embed-core-10.1.20.jar:10.1.20]
	at org.apache.catalina.util.LifecycleBase.start(LifecycleBase.java:171) [tomcat-embed-core-10.1.20.jar:10.1.20]
	at org.apache.catalina.core.ContainerBase$StartChild.call(ContainerBase.java:1332) [tomcat-embed-core-10.1.20.jar:10.1.20]
	at org.apache.catalina.core.ContainerBase$StartChild.call(ContainerBase.java:1322) [tomcat-embed-core-10.1.20.jar:10.1.20]
	at java.base/java.util.concurrent.FutureTask.run(FutureTask.java:317) [?:?]
	at org.apache.tomcat.util.threads.InlineExecutorService.execute(InlineExecutorService.java:75) [tomcat-embed-core-10.1.20.jar:10.1.20]
	at java.base/java.util.concurrent.AbstractExecutorService.submit(AbstractExecutorService.java:145) [?:?]
	at org.apache.catalina.core.ContainerBase.startInternal(ContainerBase.java:866) [tomcat-embed-core-10.1.20.jar:10.1.20]
	at org.apache.catalina.core.StandardHost.startInternal(StandardHost.java:845) [tomcat-embed-core-10.1.20.jar:10.1.20]
	at org.apache.catalina.util.LifecycleBase.start(LifecycleBase.java:171) [tomcat-embed-core-10.1.20.jar:10.1.20]
	at org.apache.catalina.core.ContainerBase$StartChild.call(ContainerBase.java:1332) [tomcat-embed-core-10.1.20.jar:10.1.20]
	at org.apache.catalina.core.ContainerBase$StartChild.call(ContainerBase.java:1322) [tomcat-embed-core-10.1.20.jar:10.1.20]
	at java.base/java.util.concurrent.FutureTask.run(FutureTask.java:317) [?:?]
	at org.apache.tomcat.util.threads.InlineExecutorService.execute(InlineExecutorService.java:75) [tomcat-embed-core-10.1.20.jar:10.1.20]
	at java.base/java.util.concurrent.AbstractExecutorService.submit(AbstractExecutorService.java:145) [?:?]
	at org.apache.catalina.core.ContainerBase.startInternal(ContainerBase.java:866) [tomcat-embed-core-10.1.20.jar:10.1.20]
	at org.apache.catalina.core.StandardEngine.startInternal(StandardEngine.java:240) [tomcat-embed-core-10.1.20.jar:10.1.20]
	at org.apache.catalina.util.LifecycleBase.start(LifecycleBase.java:171) [tomcat-embed-core-10.1.20.jar:10.1.20]
	at org.apache.catalina.core.StandardService.startInternal(StandardService.java:433) [tomcat-embed-core-10.1.20.jar:10.1.20]
	at org.apache.catalina.util.LifecycleBase.start(LifecycleBase.java:171) [tomcat-embed-core-10.1.20.jar:10.1.20]
	at org.apache.catalina.core.StandardServer.startInternal(StandardServer.java:921) [tomcat-embed-core-10.1.20.jar:10.1.20]
	at org.apache.catalina.util.LifecycleBase.start(LifecycleBase.java:171) [tomcat-embed-core-10.1.20.jar:10.1.20]
	at org.apache.catalina.startup.Tomcat.start(Tomcat.java:437) [tomcat-embed-core-10.1.20.jar:10.1.20]
	at org.springframework.boot.web.embedded.tomcat.TomcatWebServer.initialize(TomcatWebServer.java:126) [spring-boot-3.2.5.jar:3.2.5]
	at org.springframework.boot.web.embedded.tomcat.TomcatWebServer.<init>(TomcatWebServer.java:105) [spring-boot-3.2.5.jar:3.2.5]
	at org.springframework.boot.web.embedded.tomcat.TomcatServletWebServerFactory.getTomcatWebServer(TomcatServletWebServerFactory.java:499) [spring-boot-3.2.5.jar:3.2.5]
	at org.springframework.boot.web.embedded.tomcat.TomcatServletWebServerFactory.getWebServer(TomcatServletWebServerFactory.java:218) [spring-boot-3.2.5.jar:3.2.5]
	at org.springframework.boot.web.servlet.context.ServletWebServerApplicationContext.createWebServer(ServletWebServerApplicationContext.java:188) [spring-boot-3.2.5.jar:3.2.5]
	at org.springframework.boot.web.servlet.context.ServletWebServerApplicationContext.onRefresh(ServletWebServerApplicationContext.java:162) [spring-boot-3.2.5.jar:3.2.5]
	at org.springframework.context.support.AbstractApplicationContext.refresh(AbstractApplicationContext.java:618) [spring-context-6.1.6.jar:6.1.6]
	at org.springframework.boot.web.servlet.context.ServletWebServerApplicationContext.refresh(ServletWebServerApplicationContext.java:146) [spring-boot-3.2.5.jar:3.2.5]
	at org.springframework.boot.SpringApplication.refresh(SpringApplication.java:754) [spring-boot-3.2.5.jar:3.2.5]
	at org.springframework.boot.SpringApplication.refreshContext(SpringApplication.java:456) [spring-boot-3.2.5.jar:3.2.5]
	at org.springframework.boot.SpringApplication.run(SpringApplication.java:334) [spring-boot-3.2.5.jar:3.2.5]
	at org.springframework.boot.SpringApplication.run(SpringApplication.java:1354) [spring-boot-3.2.5.jar:3.2.5]
	at org.springframework.boot.SpringApplication.run(SpringApplication.java:1343) [spring-boot-3.2.5.jar:3.2.5]
	at asm.java5Nhom6.Lab21Application.main(Lab21Application.java:10) [classes/:?]
	at java.base/jdk.internal.reflect.DirectMethodHandleAccessor.invoke(DirectMethodHandleAccessor.java:104) ~[?:?]
	at java.base/java.lang.reflect.Method.invoke(Method.java:578) ~[?:?]
	at org.springframework.boot.devtools.restart.RestartLauncher.run(RestartLauncher.java:50) [spring-boot-devtools-3.2.5.jar:3.2.5]
2024-06-12 13:14:53,507 INFO o.a.j.s.TldScanner [restartedMain] At least one JAR was scanned for TLDs yet contained no TLDs. Enable debug logging for this logger for a complete list of JARs that were scanned but no TLDs were found in them. Skipping unneeded JARs during scanning can improve startup time and JSP compilation time.
2024-06-12 13:14:53,510 INFO o.a.c.c.C.[.[.[/] [restartedMain] Initializing Spring embedded WebApplicationContext
2024-06-12 13:14:53,516 WARN o.a.c.c.C.[.[.[/] [restartedMain] Cannot deserialize session attribute [addressSession] for session [D6C3E692839D893A740E550E138105E2]
2024-06-12 13:14:53,533 INFO o.h.j.i.u.LogHelper [restartedMain] HHH000204: Processing PersistenceUnitInfo [name: default]
2024-06-12 13:14:53,535 INFO o.h.c.i.RegionFactoryInitiator [restartedMain] HHH000026: Second-level cache disabled
2024-06-12 13:14:53,538 INFO o.s.o.j.p.SpringPersistenceUnitInfo [restartedMain] No LoadTimeWeaver setup: ignoring JPA class transformer
2024-06-12 13:14:53,539 INFO c.z.h.HikariDataSource [restartedMain] HikariPool-4 - Starting...
2024-06-12 13:14:53,554 INFO c.z.h.p.HikariPool [restartedMain] HikariPool-4 - Added connection ConnectionID:31 ClientConnectionId: d29056b4-d3b5-44b3-a963-0a9002ffdd0a
2024-06-12 13:14:53,554 INFO c.z.h.HikariDataSource [restartedMain] HikariPool-4 - Start completed.
2024-06-12 13:14:53,554 WARN o.h.o.deprecation [restartedMain] HHH90000025: SQLServerDialect does not need to be specified explicitly using 'hibernate.dialect' (remove the property setting and it will be selected by default)
2024-06-12 13:14:53,648 INFO o.h.e.t.j.p.i.JtaPlatformInitiator [restartedMain] HHH000489: No JTA platform available (set 'hibernate.transaction.jta.platform' to enable JTA platform integration)
2024-06-12 13:14:53,649 INFO o.s.o.j.LocalContainerEntityManagerFactoryBean [restartedMain] Initialized JPA EntityManagerFactory for persistence unit 'default'
2024-06-12 13:14:53,861 INFO o.a.c.h.Http11NioProtocol [restartedMain] Starting ProtocolHandler ["http-nio-8080"]
2024-06-12 13:14:53,867 INFO a.j.Lab21Application [restartedMain] Started Lab21Application in 0.678 seconds (process running for 624.092)
2024-06-12 13:15:04,736 INFO o.a.c.c.C.[.[.[/] [http-nio-8080-exec-2] Initializing Spring DispatcherServlet 'dispatcherServlet'
2024-06-12 13:15:04,736 INFO o.s.w.s.DispatcherServlet [http-nio-8080-exec-2] Initializing Servlet 'dispatcherServlet'
2024-06-12 13:15:04,736 INFO o.s.w.s.DispatcherServlet [http-nio-8080-exec-2] Completed initialization in 0 ms
2024-06-12 13:15:13,543 INFO a.j.c.UsersController [http-nio-8080-exec-9] myntd Đăng nhập thành công
2024-06-12 13:15:46,975 INFO a.j.c.CartController [http-nio-8080-exec-1] User: myntd tăng số lượng +1 Product_Size_Color 122 vào giỏ hàng
2024-06-17 13:14:34,868 INFO a.j.Lab21Application [restartedMain] Starting Lab21Application using Java 21.0.2 with PID 9192 (C:\FPT Polytechnic\Java5\MyDieuApp\target\classes started by Asus in C:\FPT Polytechnic\Java5\MyDieuApp)
2024-06-17 13:14:34,878 DEBUG a.j.Lab21Application [restartedMain] Running with Spring Boot v3.2.5, Spring v6.1.6
2024-06-17 13:14:34,880 INFO a.j.Lab21Application [restartedMain] No active profile set, falling back to 1 default profile: "default"
2024-06-17 13:14:36,283 INFO o.s.d.r.c.RepositoryConfigurationDelegate [restartedMain] Bootstrapping Spring Data JPA repositories in DEFAULT mode.
2024-06-17 13:14:36,390 INFO o.s.d.r.c.RepositoryConfigurationDelegate [restartedMain] Finished Spring Data repository scanning in 101 ms. Found 16 JPA repository interfaces.
2024-06-17 13:14:37,071 INFO o.a.c.h.Http11NioProtocol [restartedMain] Initializing ProtocolHandler ["http-nio-8080"]
2024-06-17 13:14:37,077 INFO o.a.c.c.StandardService [restartedMain] Starting service [Tomcat]
2024-06-17 13:14:37,077 INFO o.a.c.c.StandardEngine [restartedMain] Starting Servlet engine: [Apache Tomcat/10.1.20]
2024-06-17 13:14:37,384 WARN o.a.t.u.s.StandardJarScanner [restartedMain] Failed to scan [file:/C:/Users/Asus/.m2/repository/xalan/xalan/2.7.2/serializer.jar] from classloader hierarchy
java.nio.file.NoSuchFileException: C:\Users\Asus\.m2\repository\xalan\xalan\2.7.2\serializer.jar
	at java.base/sun.nio.fs.WindowsException.translateToIOException(WindowsException.java:85) ~[?:?]
	at java.base/sun.nio.fs.WindowsException.rethrowAsIOException(WindowsException.java:103) ~[?:?]
	at java.base/sun.nio.fs.WindowsException.rethrowAsIOException(WindowsException.java:108) ~[?:?]
	at java.base/sun.nio.fs.WindowsFileAttributeViews$Basic.readAttributes(WindowsFileAttributeViews.java:53) ~[?:?]
	at java.base/sun.nio.fs.WindowsFileAttributeViews$Basic.readAttributes(WindowsFileAttributeViews.java:38) ~[?:?]
	at java.base/sun.nio.fs.WindowsFileSystemProvider.readAttributes(WindowsFileSystemProvider.java:197) ~[?:?]
	at java.base/java.nio.file.Files.readAttributes(Files.java:1853) ~[?:?]
	at java.base/java.util.zip.ZipFile$Source.get(ZipFile.java:1445) ~[?:?]
	at java.base/java.util.zip.ZipFile$CleanableResource.<init>(ZipFile.java:724) ~[?:?]
	at java.base/java.util.zip.ZipFile.<init>(ZipFile.java:251) ~[?:?]
	at java.base/java.util.zip.ZipFile.<init>(ZipFile.java:180) ~[?:?]
	at java.base/java.util.jar.JarFile.<init>(JarFile.java:345) ~[?:?]
	at org.apache.tomcat.util.scan.JarFileUrlJar.<init>(JarFileUrlJar.java:65) ~[tomcat-embed-core-10.1.20.jar:10.1.20]
	at org.apache.tomcat.util.scan.JarFactory.newInstance(JarFactory.java:49) ~[tomcat-embed-core-10.1.20.jar:10.1.20]
	at org.apache.tomcat.util.scan.StandardJarScanner.process(StandardJarScanner.java:397) ~[tomcat-embed-core-10.1.20.jar:10.1.20]
	at org.apache.tomcat.util.scan.StandardJarScanner.processURLs(StandardJarScanner.java:332) [tomcat-embed-core-10.1.20.jar:10.1.20]
	at org.apache.tomcat.util.scan.StandardJarScanner.doScanClassPath(StandardJarScanner.java:297) [tomcat-embed-core-10.1.20.jar:10.1.20]
	at org.apache.tomcat.util.scan.StandardJarScanner.scan(StandardJarScanner.java:238) [tomcat-embed-core-10.1.20.jar:10.1.20]
	at org.apache.jasper.servlet.TldScanner.scanJars(TldScanner.java:262) [tomcat-embed-jasper-10.1.20.jar:10.1.20]
	at org.apache.jasper.servlet.TldScanner.scan(TldScanner.java:104) [tomcat-embed-jasper-10.1.20.jar:10.1.20]
	at org.apache.jasper.servlet.JasperInitializer.onStartup(JasperInitializer.java:83) [tomcat-embed-jasper-10.1.20.jar:10.1.20]
	at org.apache.catalina.core.StandardContext.startInternal(StandardContext.java:4880) [tomcat-embed-core-10.1.20.jar:10.1.20]
	at org.apache.catalina.util.LifecycleBase.start(LifecycleBase.java:171) [tomcat-embed-core-10.1.20.jar:10.1.20]
	at org.apache.catalina.core.ContainerBase$StartChild.call(ContainerBase.java:1332) [tomcat-embed-core-10.1.20.jar:10.1.20]
	at org.apache.catalina.core.ContainerBase$StartChild.call(ContainerBase.java:1322) [tomcat-embed-core-10.1.20.jar:10.1.20]
	at java.base/java.util.concurrent.FutureTask.run(FutureTask.java:317) [?:?]
	at org.apache.tomcat.util.threads.InlineExecutorService.execute(InlineExecutorService.java:75) [tomcat-embed-core-10.1.20.jar:10.1.20]
	at java.base/java.util.concurrent.AbstractExecutorService.submit(AbstractExecutorService.java:145) [?:?]
	at org.apache.catalina.core.ContainerBase.startInternal(ContainerBase.java:866) [tomcat-embed-core-10.1.20.jar:10.1.20]
	at org.apache.catalina.core.StandardHost.startInternal(StandardHost.java:845) [tomcat-embed-core-10.1.20.jar:10.1.20]
	at org.apache.catalina.util.LifecycleBase.start(LifecycleBase.java:171) [tomcat-embed-core-10.1.20.jar:10.1.20]
	at org.apache.catalina.core.ContainerBase$StartChild.call(ContainerBase.java:1332) [tomcat-embed-core-10.1.20.jar:10.1.20]
	at org.apache.catalina.core.ContainerBase$StartChild.call(ContainerBase.java:1322) [tomcat-embed-core-10.1.20.jar:10.1.20]
	at java.base/java.util.concurrent.FutureTask.run(FutureTask.java:317) [?:?]
	at org.apache.tomcat.util.threads.InlineExecutorService.execute(InlineExecutorService.java:75) [tomcat-embed-core-10.1.20.jar:10.1.20]
	at java.base/java.util.concurrent.AbstractExecutorService.submit(AbstractExecutorService.java:145) [?:?]
	at org.apache.catalina.core.ContainerBase.startInternal(ContainerBase.java:866) [tomcat-embed-core-10.1.20.jar:10.1.20]
	at org.apache.catalina.core.StandardEngine.startInternal(StandardEngine.java:240) [tomcat-embed-core-10.1.20.jar:10.1.20]
	at org.apache.catalina.util.LifecycleBase.start(LifecycleBase.java:171) [tomcat-embed-core-10.1.20.jar:10.1.20]
	at org.apache.catalina.core.StandardService.startInternal(StandardService.java:433) [tomcat-embed-core-10.1.20.jar:10.1.20]
	at org.apache.catalina.util.LifecycleBase.start(LifecycleBase.java:171) [tomcat-embed-core-10.1.20.jar:10.1.20]
	at org.apache.catalina.core.StandardServer.startInternal(StandardServer.java:921) [tomcat-embed-core-10.1.20.jar:10.1.20]
	at org.apache.catalina.util.LifecycleBase.start(LifecycleBase.java:171) [tomcat-embed-core-10.1.20.jar:10.1.20]
	at org.apache.catalina.startup.Tomcat.start(Tomcat.java:437) [tomcat-embed-core-10.1.20.jar:10.1.20]
	at org.springframework.boot.web.embedded.tomcat.TomcatWebServer.initialize(TomcatWebServer.java:126) [spring-boot-3.2.5.jar:3.2.5]
	at org.springframework.boot.web.embedded.tomcat.TomcatWebServer.<init>(TomcatWebServer.java:105) [spring-boot-3.2.5.jar:3.2.5]
	at org.springframework.boot.web.embedded.tomcat.TomcatServletWebServerFactory.getTomcatWebServer(TomcatServletWebServerFactory.java:499) [spring-boot-3.2.5.jar:3.2.5]
	at org.springframework.boot.web.embedded.tomcat.TomcatServletWebServerFactory.getWebServer(TomcatServletWebServerFactory.java:218) [spring-boot-3.2.5.jar:3.2.5]
	at org.springframework.boot.web.servlet.context.ServletWebServerApplicationContext.createWebServer(ServletWebServerApplicationContext.java:188) [spring-boot-3.2.5.jar:3.2.5]
	at org.springframework.boot.web.servlet.context.ServletWebServerApplicationContext.onRefresh(ServletWebServerApplicationContext.java:162) [spring-boot-3.2.5.jar:3.2.5]
	at org.springframework.context.support.AbstractApplicationContext.refresh(AbstractApplicationContext.java:618) [spring-context-6.1.6.jar:6.1.6]
	at org.springframework.boot.web.servlet.context.ServletWebServerApplicationContext.refresh(ServletWebServerApplicationContext.java:146) [spring-boot-3.2.5.jar:3.2.5]
	at org.springframework.boot.SpringApplication.refresh(SpringApplication.java:754) [spring-boot-3.2.5.jar:3.2.5]
	at org.springframework.boot.SpringApplication.refreshContext(SpringApplication.java:456) [spring-boot-3.2.5.jar:3.2.5]
	at org.springframework.boot.SpringApplication.run(SpringApplication.java:334) [spring-boot-3.2.5.jar:3.2.5]
	at org.springframework.boot.SpringApplication.run(SpringApplication.java:1354) [spring-boot-3.2.5.jar:3.2.5]
	at org.springframework.boot.SpringApplication.run(SpringApplication.java:1343) [spring-boot-3.2.5.jar:3.2.5]
	at asm.java5Nhom6.Lab21Application.main(Lab21Application.java:10) [classes/:?]
	at java.base/jdk.internal.reflect.DirectMethodHandleAccessor.invoke(DirectMethodHandleAccessor.java:103) ~[?:?]
	at java.base/java.lang.reflect.Method.invoke(Method.java:580) ~[?:?]
	at org.springframework.boot.devtools.restart.RestartLauncher.run(RestartLauncher.java:50) [spring-boot-devtools-3.2.5.jar:3.2.5]
2024-06-17 13:14:37,521 INFO o.a.j.s.TldScanner [restartedMain] At least one JAR was scanned for TLDs yet contained no TLDs. Enable debug logging for this logger for a complete list of JARs that were scanned but no TLDs were found in them. Skipping unneeded JARs during scanning can improve startup time and JSP compilation time.
2024-06-17 13:14:37,533 INFO o.a.c.c.C.[.[.[/] [restartedMain] Initializing Spring embedded WebApplicationContext
2024-06-17 13:14:37,777 INFO o.h.j.i.u.LogHelper [restartedMain] HHH000204: Processing PersistenceUnitInfo [name: default]
2024-06-17 13:14:37,946 INFO o.h.Version [restartedMain] HHH000412: Hibernate ORM core version 6.4.4.Final
2024-06-17 13:14:37,995 INFO o.h.c.i.RegionFactoryInitiator [restartedMain] HHH000026: Second-level cache disabled
2024-06-17 13:14:38,328 INFO o.s.o.j.p.SpringPersistenceUnitInfo [restartedMain] No LoadTimeWeaver setup: ignoring JPA class transformer
2024-06-17 13:14:38,359 INFO c.z.h.HikariDataSource [restartedMain] HikariPool-1 - Starting...
2024-06-17 13:14:39,700 ERROR c.z.h.p.HikariPool [restartedMain] HikariPool-1 - Exception during pool initialization.
com.microsoft.sqlserver.jdbc.SQLServerException: Login failed for user 'sa'. ClientConnectionId:682677ee-e45f-4a4c-9a9d-033061af7244
	at com.microsoft.sqlserver.jdbc.SQLServerException.makeFromDatabaseError(SQLServerException.java:259) ~[mssql-jdbc-12.4.2.jre11.jar:?]
	at com.microsoft.sqlserver.jdbc.TDSTokenHandler.onEOF(tdsparser.java:304) ~[mssql-jdbc-12.4.2.jre11.jar:?]
	at com.microsoft.sqlserver.jdbc.TDSParser.parse(tdsparser.java:137) ~[mssql-jdbc-12.4.2.jre11.jar:?]
	at com.microsoft.sqlserver.jdbc.TDSParser.parse(tdsparser.java:42) ~[mssql-jdbc-12.4.2.jre11.jar:?]
	at com.microsoft.sqlserver.jdbc.SQLServerConnection.sendLogon(SQLServerConnection.java:6612) ~[mssql-jdbc-12.4.2.jre11.jar:?]
	at com.microsoft.sqlserver.jdbc.SQLServerConnection.logon(SQLServerConnection.java:5154) ~[mssql-jdbc-12.4.2.jre11.jar:?]
	at com.microsoft.sqlserver.jdbc.SQLServerConnection$LogonCommand.doExecute(SQLServerConnection.java:5087) ~[mssql-jdbc-12.4.2.jre11.jar:?]
	at com.microsoft.sqlserver.jdbc.TDSCommand.execute(IOBuffer.java:7675) ~[mssql-jdbc-12.4.2.jre11.jar:?]
	at com.microsoft.sqlserver.jdbc.SQLServerConnection.executeCommand(SQLServerConnection.java:4137) ~[mssql-jdbc-12.4.2.jre11.jar:?]
	at com.microsoft.sqlserver.jdbc.SQLServerConnection.connectHelper(SQLServerConnection.java:3583) ~[mssql-jdbc-12.4.2.jre11.jar:?]
	at com.microsoft.sqlserver.jdbc.SQLServerConnection.login(SQLServerConnection.java:3172) ~[mssql-jdbc-12.4.2.jre11.jar:?]
	at com.microsoft.sqlserver.jdbc.SQLServerConnection.connectInternal(SQLServerConnection.java:3014) ~[mssql-jdbc-12.4.2.jre11.jar:?]
	at com.microsoft.sqlserver.jdbc.SQLServerConnection.connect(SQLServerConnection.java:1836) ~[mssql-jdbc-12.4.2.jre11.jar:?]
	at com.microsoft.sqlserver.jdbc.SQLServerDriver.connect(SQLServerDriver.java:1246) ~[mssql-jdbc-12.4.2.jre11.jar:?]
	at com.zaxxer.hikari.util.DriverDataSource.getConnection(DriverDataSource.java:138) ~[HikariCP-5.0.1.jar:?]
	at com.zaxxer.hikari.pool.PoolBase.newConnection(PoolBase.java:359) ~[HikariCP-5.0.1.jar:?]
	at com.zaxxer.hikari.pool.PoolBase.newPoolEntry(PoolBase.java:201) ~[HikariCP-5.0.1.jar:?]
	at com.zaxxer.hikari.pool.HikariPool.createPoolEntry(HikariPool.java:470) ~[HikariCP-5.0.1.jar:?]
	at com.zaxxer.hikari.pool.HikariPool.checkFailFast(HikariPool.java:561) ~[HikariCP-5.0.1.jar:?]
	at com.zaxxer.hikari.pool.HikariPool.<init>(HikariPool.java:100) ~[HikariCP-5.0.1.jar:?]
	at com.zaxxer.hikari.HikariDataSource.getConnection(HikariDataSource.java:112) ~[HikariCP-5.0.1.jar:?]
	at org.hibernate.engine.jdbc.connections.internal.DatasourceConnectionProviderImpl.getConnection(DatasourceConnectionProviderImpl.java:122) ~[hibernate-core-6.4.4.Final.jar:6.4.4.Final]
	at org.hibernate.engine.jdbc.env.internal.JdbcEnvironmentInitiator$ConnectionProviderJdbcConnectionAccess.obtainConnection(JdbcEnvironmentInitiator.java:428) ~[hibernate-core-6.4.4.Final.jar:6.4.4.Final]
	at org.hibernate.resource.transaction.backend.jdbc.internal.JdbcIsolationDelegate.delegateWork(JdbcIsolationDelegate.java:61) ~[hibernate-core-6.4.4.Final.jar:6.4.4.Final]
	at org.hibernate.engine.jdbc.env.internal.JdbcEnvironmentInitiator.getJdbcEnvironmentUsingJdbcMetadata(JdbcEnvironmentInitiator.java:276) ~[hibernate-core-6.4.4.Final.jar:6.4.4.Final]
	at org.hibernate.engine.jdbc.env.internal.JdbcEnvironmentInitiator.initiateService(JdbcEnvironmentInitiator.java:107) ~[hibernate-core-6.4.4.Final.jar:6.4.4.Final]
	at org.hibernate.engine.jdbc.env.internal.JdbcEnvironmentInitiator.initiateService(JdbcEnvironmentInitiator.java:68) ~[hibernate-core-6.4.4.Final.jar:6.4.4.Final]
	at org.hibernate.boot.registry.internal.StandardServiceRegistryImpl.initiateService(StandardServiceRegistryImpl.java:130) ~[hibernate-core-6.4.4.Final.jar:6.4.4.Final]
	at org.hibernate.service.internal.AbstractServiceRegistryImpl.createService(AbstractServiceRegistryImpl.java:263) ~[hibernate-core-6.4.4.Final.jar:6.4.4.Final]
	at org.hibernate.service.internal.AbstractServiceRegistryImpl.initializeService(AbstractServiceRegistryImpl.java:238) ~[hibernate-core-6.4.4.Final.jar:6.4.4.Final]
	at org.hibernate.service.internal.AbstractServiceRegistryImpl.getService(AbstractServiceRegistryImpl.java:215) ~[hibernate-core-6.4.4.Final.jar:6.4.4.Final]
	at org.hibernate.boot.model.relational.Database.<init>(Database.java:45) ~[hibernate-core-6.4.4.Final.jar:6.4.4.Final]
	at org.hibernate.boot.internal.InFlightMetadataCollectorImpl.getDatabase(InFlightMetadataCollectorImpl.java:223) ~[hibernate-core-6.4.4.Final.jar:6.4.4.Final]
	at org.hibernate.boot.internal.InFlightMetadataCollectorImpl.<init>(InFlightMetadataCollectorImpl.java:191) ~[hibernate-core-6.4.4.Final.jar:6.4.4.Final]
	at org.hibernate.boot.model.process.spi.MetadataBuildingProcess.complete(MetadataBuildingProcess.java:170) ~[hibernate-core-6.4.4.Final.jar:6.4.4.Final]
	at org.hibernate.jpa.boot.internal.EntityManagerFactoryBuilderImpl.metadata(EntityManagerFactoryBuilderImpl.java:1432) ~[hibernate-core-6.4.4.Final.jar:6.4.4.Final]
	at org.hibernate.jpa.boot.internal.EntityManagerFactoryBuilderImpl.build(EntityManagerFactoryBuilderImpl.java:1503) ~[hibernate-core-6.4.4.Final.jar:6.4.4.Final]
	at org.springframework.orm.jpa.vendor.SpringHibernateJpaPersistenceProvider.createContainerEntityManagerFactory(SpringHibernateJpaPersistenceProvider.java:75) ~[spring-orm-6.1.6.jar:6.1.6]
	at org.springframework.orm.jpa.LocalContainerEntityManagerFactoryBean.createNativeEntityManagerFactory(LocalContainerEntityManagerFactoryBean.java:390) ~[spring-orm-6.1.6.jar:6.1.6]
	at org.springframework.orm.jpa.AbstractEntityManagerFactoryBean.buildNativeEntityManagerFactory(AbstractEntityManagerFactoryBean.java:409) ~[spring-orm-6.1.6.jar:6.1.6]
	at org.springframework.orm.jpa.AbstractEntityManagerFactoryBean.afterPropertiesSet(AbstractEntityManagerFactoryBean.java:396) ~[spring-orm-6.1.6.jar:6.1.6]
	at org.springframework.orm.jpa.LocalContainerEntityManagerFactoryBean.afterPropertiesSet(LocalContainerEntityManagerFactoryBean.java:366) ~[spring-orm-6.1.6.jar:6.1.6]
	at org.springframework.beans.factory.support.AbstractAutowireCapableBeanFactory.invokeInitMethods(AbstractAutowireCapableBeanFactory.java:1833) ~[spring-beans-6.1.6.jar:6.1.6]
	at org.springframework.beans.factory.support.AbstractAutowireCapableBeanFactory.initializeBean(AbstractAutowireCapableBeanFactory.java:1782) ~[spring-beans-6.1.6.jar:6.1.6]
	at org.springframework.beans.factory.support.AbstractAutowireCapableBeanFactory.doCreateBean(AbstractAutowireCapableBeanFactory.java:600) ~[spring-beans-6.1.6.jar:6.1.6]
	at org.springframework.beans.factory.support.AbstractAutowireCapableBeanFactory.createBean(AbstractAutowireCapableBeanFactory.java:522) ~[spring-beans-6.1.6.jar:6.1.6]
	at org.springframework.beans.factory.support.AbstractBeanFactory.lambda$doGetBean$0(AbstractBeanFactory.java:326) ~[spring-beans-6.1.6.jar:6.1.6]
	at org.springframework.beans.factory.support.DefaultSingletonBeanRegistry.getSingleton(DefaultSingletonBeanRegistry.java:234) [spring-beans-6.1.6.jar:6.1.6]
	at org.springframework.beans.factory.support.AbstractBeanFactory.doGetBean(AbstractBeanFactory.java:324) [spring-beans-6.1.6.jar:6.1.6]
	at org.springframework.beans.factory.support.AbstractBeanFactory.getBean(AbstractBeanFactory.java:200) [spring-beans-6.1.6.jar:6.1.6]
	at org.springframework.context.support.AbstractApplicationContext.getBean(AbstractApplicationContext.java:1234) [spring-context-6.1.6.jar:6.1.6]
	at org.springframework.context.support.AbstractApplicationContext.finishBeanFactoryInitialization(AbstractApplicationContext.java:952) [spring-context-6.1.6.jar:6.1.6]
	at org.springframework.context.support.AbstractApplicationContext.refresh(AbstractApplicationContext.java:624) [spring-context-6.1.6.jar:6.1.6]
	at org.springframework.boot.web.servlet.context.ServletWebServerApplicationContext.refresh(ServletWebServerApplicationContext.java:146) [spring-boot-3.2.5.jar:3.2.5]
	at org.springframework.boot.SpringApplication.refresh(SpringApplication.java:754) [spring-boot-3.2.5.jar:3.2.5]
	at org.springframework.boot.SpringApplication.refreshContext(SpringApplication.java:456) [spring-boot-3.2.5.jar:3.2.5]
	at org.springframework.boot.SpringApplication.run(SpringApplication.java:334) [spring-boot-3.2.5.jar:3.2.5]
	at org.springframework.boot.SpringApplication.run(SpringApplication.java:1354) [spring-boot-3.2.5.jar:3.2.5]
	at org.springframework.boot.SpringApplication.run(SpringApplication.java:1343) [spring-boot-3.2.5.jar:3.2.5]
	at asm.java5Nhom6.Lab21Application.main(Lab21Application.java:10) [classes/:?]
	at java.base/jdk.internal.reflect.DirectMethodHandleAccessor.invoke(DirectMethodHandleAccessor.java:103) ~[?:?]
	at java.base/java.lang.reflect.Method.invoke(Method.java:580) ~[?:?]
	at org.springframework.boot.devtools.restart.RestartLauncher.run(RestartLauncher.java:50) [spring-boot-devtools-3.2.5.jar:3.2.5]
2024-06-17 13:14:39,700 WARN o.h.e.j.e.i.JdbcEnvironmentInitiator [restartedMain] HHH000342: Could not obtain connection to query metadata
java.lang.NullPointerException: Cannot invoke "org.hibernate.engine.jdbc.spi.SqlExceptionHelper.convert(java.sql.SQLException, String)" because the return value of "org.hibernate.resource.transaction.backend.jdbc.internal.JdbcIsolationDelegate.sqlExceptionHelper()" is null
	at org.hibernate.resource.transaction.backend.jdbc.internal.JdbcIsolationDelegate.delegateWork(JdbcIsolationDelegate.java:116) ~[hibernate-core-6.4.4.Final.jar:6.4.4.Final]
	at org.hibernate.engine.jdbc.env.internal.JdbcEnvironmentInitiator.getJdbcEnvironmentUsingJdbcMetadata(JdbcEnvironmentInitiator.java:276) ~[hibernate-core-6.4.4.Final.jar:6.4.4.Final]
	at org.hibernate.engine.jdbc.env.internal.JdbcEnvironmentInitiator.initiateService(JdbcEnvironmentInitiator.java:107) ~[hibernate-core-6.4.4.Final.jar:6.4.4.Final]
	at org.hibernate.engine.jdbc.env.internal.JdbcEnvironmentInitiator.initiateService(JdbcEnvironmentInitiator.java:68) ~[hibernate-core-6.4.4.Final.jar:6.4.4.Final]
	at org.hibernate.boot.registry.internal.StandardServiceRegistryImpl.initiateService(StandardServiceRegistryImpl.java:130) ~[hibernate-core-6.4.4.Final.jar:6.4.4.Final]
	at org.hibernate.service.internal.AbstractServiceRegistryImpl.createService(AbstractServiceRegistryImpl.java:263) ~[hibernate-core-6.4.4.Final.jar:6.4.4.Final]
	at org.hibernate.service.internal.AbstractServiceRegistryImpl.initializeService(AbstractServiceRegistryImpl.java:238) ~[hibernate-core-6.4.4.Final.jar:6.4.4.Final]
	at org.hibernate.service.internal.AbstractServiceRegistryImpl.getService(AbstractServiceRegistryImpl.java:215) ~[hibernate-core-6.4.4.Final.jar:6.4.4.Final]
	at org.hibernate.boot.model.relational.Database.<init>(Database.java:45) ~[hibernate-core-6.4.4.Final.jar:6.4.4.Final]
	at org.hibernate.boot.internal.InFlightMetadataCollectorImpl.getDatabase(InFlightMetadataCollectorImpl.java:223) ~[hibernate-core-6.4.4.Final.jar:6.4.4.Final]
	at org.hibernate.boot.internal.InFlightMetadataCollectorImpl.<init>(InFlightMetadataCollectorImpl.java:191) ~[hibernate-core-6.4.4.Final.jar:6.4.4.Final]
	at org.hibernate.boot.model.process.spi.MetadataBuildingProcess.complete(MetadataBuildingProcess.java:170) ~[hibernate-core-6.4.4.Final.jar:6.4.4.Final]
	at org.hibernate.jpa.boot.internal.EntityManagerFactoryBuilderImpl.metadata(EntityManagerFactoryBuilderImpl.java:1432) ~[hibernate-core-6.4.4.Final.jar:6.4.4.Final]
	at org.hibernate.jpa.boot.internal.EntityManagerFactoryBuilderImpl.build(EntityManagerFactoryBuilderImpl.java:1503) ~[hibernate-core-6.4.4.Final.jar:6.4.4.Final]
	at org.springframework.orm.jpa.vendor.SpringHibernateJpaPersistenceProvider.createContainerEntityManagerFactory(SpringHibernateJpaPersistenceProvider.java:75) ~[spring-orm-6.1.6.jar:6.1.6]
	at org.springframework.orm.jpa.LocalContainerEntityManagerFactoryBean.createNativeEntityManagerFactory(LocalContainerEntityManagerFactoryBean.java:390) ~[spring-orm-6.1.6.jar:6.1.6]
	at org.springframework.orm.jpa.AbstractEntityManagerFactoryBean.buildNativeEntityManagerFactory(AbstractEntityManagerFactoryBean.java:409) ~[spring-orm-6.1.6.jar:6.1.6]
	at org.springframework.orm.jpa.AbstractEntityManagerFactoryBean.afterPropertiesSet(AbstractEntityManagerFactoryBean.java:396) ~[spring-orm-6.1.6.jar:6.1.6]
	at org.springframework.orm.jpa.LocalContainerEntityManagerFactoryBean.afterPropertiesSet(LocalContainerEntityManagerFactoryBean.java:366) ~[spring-orm-6.1.6.jar:6.1.6]
	at org.springframework.beans.factory.support.AbstractAutowireCapableBeanFactory.invokeInitMethods(AbstractAutowireCapableBeanFactory.java:1833) ~[spring-beans-6.1.6.jar:6.1.6]
	at org.springframework.beans.factory.support.AbstractAutowireCapableBeanFactory.initializeBean(AbstractAutowireCapableBeanFactory.java:1782) ~[spring-beans-6.1.6.jar:6.1.6]
	at org.springframework.beans.factory.support.AbstractAutowireCapableBeanFactory.doCreateBean(AbstractAutowireCapableBeanFactory.java:600) ~[spring-beans-6.1.6.jar:6.1.6]
	at org.springframework.beans.factory.support.AbstractAutowireCapableBeanFactory.createBean(AbstractAutowireCapableBeanFactory.java:522) ~[spring-beans-6.1.6.jar:6.1.6]
	at org.springframework.beans.factory.support.AbstractBeanFactory.lambda$doGetBean$0(AbstractBeanFactory.java:326) ~[spring-beans-6.1.6.jar:6.1.6]
	at org.springframework.beans.factory.support.DefaultSingletonBeanRegistry.getSingleton(DefaultSingletonBeanRegistry.java:234) [spring-beans-6.1.6.jar:6.1.6]
	at org.springframework.beans.factory.support.AbstractBeanFactory.doGetBean(AbstractBeanFactory.java:324) [spring-beans-6.1.6.jar:6.1.6]
	at org.springframework.beans.factory.support.AbstractBeanFactory.getBean(AbstractBeanFactory.java:200) [spring-beans-6.1.6.jar:6.1.6]
	at org.springframework.context.support.AbstractApplicationContext.getBean(AbstractApplicationContext.java:1234) [spring-context-6.1.6.jar:6.1.6]
	at org.springframework.context.support.AbstractApplicationContext.finishBeanFactoryInitialization(AbstractApplicationContext.java:952) [spring-context-6.1.6.jar:6.1.6]
	at org.springframework.context.support.AbstractApplicationContext.refresh(AbstractApplicationContext.java:624) [spring-context-6.1.6.jar:6.1.6]
	at org.springframework.boot.web.servlet.context.ServletWebServerApplicationContext.refresh(ServletWebServerApplicationContext.java:146) [spring-boot-3.2.5.jar:3.2.5]
	at org.springframework.boot.SpringApplication.refresh(SpringApplication.java:754) [spring-boot-3.2.5.jar:3.2.5]
	at org.springframework.boot.SpringApplication.refreshContext(SpringApplication.java:456) [spring-boot-3.2.5.jar:3.2.5]
	at org.springframework.boot.SpringApplication.run(SpringApplication.java:334) [spring-boot-3.2.5.jar:3.2.5]
	at org.springframework.boot.SpringApplication.run(SpringApplication.java:1354) [spring-boot-3.2.5.jar:3.2.5]
	at org.springframework.boot.SpringApplication.run(SpringApplication.java:1343) [spring-boot-3.2.5.jar:3.2.5]
	at asm.java5Nhom6.Lab21Application.main(Lab21Application.java:10) [classes/:?]
	at java.base/jdk.internal.reflect.DirectMethodHandleAccessor.invoke(DirectMethodHandleAccessor.java:103) ~[?:?]
	at java.base/java.lang.reflect.Method.invoke(Method.java:580) ~[?:?]
	at org.springframework.boot.devtools.restart.RestartLauncher.run(RestartLauncher.java:50) [spring-boot-devtools-3.2.5.jar:3.2.5]
2024-06-17 13:14:39,732 WARN o.h.o.deprecation [restartedMain] HHH90000025: SQLServerDialect does not need to be specified explicitly using 'hibernate.dialect' (remove the property setting and it will be selected by default)
2024-06-17 13:14:41,103 INFO o.h.e.t.j.p.i.JtaPlatformInitiator [restartedMain] HHH000489: No JTA platform available (set 'hibernate.transaction.jta.platform' to enable JTA platform integration)
2024-06-17 13:14:41,103 INFO o.s.o.j.LocalContainerEntityManagerFactoryBean [restartedMain] Initialized JPA EntityManagerFactory for persistence unit 'default'
2024-06-17 13:14:41,371 INFO o.s.d.j.r.q.QueryEnhancerFactory [restartedMain] Hibernate is in classpath; If applicable, HQL parser will be used.
2024-06-17 13:14:43,528 INFO o.a.c.h.Http11NioProtocol [restartedMain] Starting ProtocolHandler ["http-nio-8080"]
2024-06-17 13:14:43,568 INFO a.j.Lab21Application [restartedMain] Started Lab21Application in 9.203 seconds (process running for 11.171)
2024-06-17 13:14:55,681 INFO o.a.c.c.C.[.[.[/] [http-nio-8080-exec-1] Initializing Spring DispatcherServlet 'dispatcherServlet'
2024-06-17 13:14:55,681 INFO o.s.w.s.DispatcherServlet [http-nio-8080-exec-1] Initializing Servlet 'dispatcherServlet'
2024-06-17 13:14:55,683 INFO o.s.w.s.DispatcherServlet [http-nio-8080-exec-1] Completed initialization in 1 ms
2024-06-17 13:14:55,813 INFO c.z.h.HikariDataSource [http-nio-8080-exec-1] HikariPool-1 - Starting...
2024-06-17 13:14:56,839 ERROR c.z.h.p.HikariPool [http-nio-8080-exec-1] HikariPool-1 - Exception during pool initialization.
com.microsoft.sqlserver.jdbc.SQLServerException: Login failed for user 'sa'. ClientConnectionId:6a7fabe7-810f-4b9c-b59a-553e01525fc6
	at com.microsoft.sqlserver.jdbc.SQLServerException.makeFromDatabaseError(SQLServerException.java:259) ~[mssql-jdbc-12.4.2.jre11.jar:?]
	at com.microsoft.sqlserver.jdbc.TDSTokenHandler.onEOF(tdsparser.java:304) ~[mssql-jdbc-12.4.2.jre11.jar:?]
	at com.microsoft.sqlserver.jdbc.TDSParser.parse(tdsparser.java:137) ~[mssql-jdbc-12.4.2.jre11.jar:?]
	at com.microsoft.sqlserver.jdbc.TDSParser.parse(tdsparser.java:42) ~[mssql-jdbc-12.4.2.jre11.jar:?]
	at com.microsoft.sqlserver.jdbc.SQLServerConnection.sendLogon(SQLServerConnection.java:6612) ~[mssql-jdbc-12.4.2.jre11.jar:?]
	at com.microsoft.sqlserver.jdbc.SQLServerConnection.logon(SQLServerConnection.java:5154) ~[mssql-jdbc-12.4.2.jre11.jar:?]
	at com.microsoft.sqlserver.jdbc.SQLServerConnection$LogonCommand.doExecute(SQLServerConnection.java:5087) ~[mssql-jdbc-12.4.2.jre11.jar:?]
	at com.microsoft.sqlserver.jdbc.TDSCommand.execute(IOBuffer.java:7675) ~[mssql-jdbc-12.4.2.jre11.jar:?]
	at com.microsoft.sqlserver.jdbc.SQLServerConnection.executeCommand(SQLServerConnection.java:4137) ~[mssql-jdbc-12.4.2.jre11.jar:?]
	at com.microsoft.sqlserver.jdbc.SQLServerConnection.connectHelper(SQLServerConnection.java:3583) ~[mssql-jdbc-12.4.2.jre11.jar:?]
	at com.microsoft.sqlserver.jdbc.SQLServerConnection.login(SQLServerConnection.java:3172) ~[mssql-jdbc-12.4.2.jre11.jar:?]
	at com.microsoft.sqlserver.jdbc.SQLServerConnection.connectInternal(SQLServerConnection.java:3014) ~[mssql-jdbc-12.4.2.jre11.jar:?]
	at com.microsoft.sqlserver.jdbc.SQLServerConnection.connect(SQLServerConnection.java:1836) ~[mssql-jdbc-12.4.2.jre11.jar:?]
	at com.microsoft.sqlserver.jdbc.SQLServerDriver.connect(SQLServerDriver.java:1246) ~[mssql-jdbc-12.4.2.jre11.jar:?]
	at com.zaxxer.hikari.util.DriverDataSource.getConnection(DriverDataSource.java:138) ~[HikariCP-5.0.1.jar:?]
	at com.zaxxer.hikari.pool.PoolBase.newConnection(PoolBase.java:359) ~[HikariCP-5.0.1.jar:?]
	at com.zaxxer.hikari.pool.PoolBase.newPoolEntry(PoolBase.java:201) ~[HikariCP-5.0.1.jar:?]
	at com.zaxxer.hikari.pool.HikariPool.createPoolEntry(HikariPool.java:470) ~[HikariCP-5.0.1.jar:?]
	at com.zaxxer.hikari.pool.HikariPool.checkFailFast(HikariPool.java:561) ~[HikariCP-5.0.1.jar:?]
	at com.zaxxer.hikari.pool.HikariPool.<init>(HikariPool.java:100) ~[HikariCP-5.0.1.jar:?]
	at com.zaxxer.hikari.HikariDataSource.getConnection(HikariDataSource.java:112) ~[HikariCP-5.0.1.jar:?]
	at org.hibernate.engine.jdbc.connections.internal.DatasourceConnectionProviderImpl.getConnection(DatasourceConnectionProviderImpl.java:122) ~[hibernate-core-6.4.4.Final.jar:6.4.4.Final]
	at org.hibernate.internal.NonContextualJdbcConnectionAccess.obtainConnection(NonContextualJdbcConnectionAccess.java:46) ~[hibernate-core-6.4.4.Final.jar:6.4.4.Final]
	at org.hibernate.resource.jdbc.internal.LogicalConnectionManagedImpl.acquireConnectionIfNeeded(LogicalConnectionManagedImpl.java:113) ~[hibernate-core-6.4.4.Final.jar:6.4.4.Final]
	at org.hibernate.resource.jdbc.internal.LogicalConnectionManagedImpl.getPhysicalConnection(LogicalConnectionManagedImpl.java:143) ~[hibernate-core-6.4.4.Final.jar:6.4.4.Final]
	at org.hibernate.engine.jdbc.internal.StatementPreparerImpl.connection(StatementPreparerImpl.java:54) ~[hibernate-core-6.4.4.Final.jar:6.4.4.Final]
	at org.hibernate.engine.jdbc.internal.StatementPreparerImpl$5.doPrepare(StatementPreparerImpl.java:153) ~[hibernate-core-6.4.4.Final.jar:6.4.4.Final]
	at org.hibernate.engine.jdbc.internal.StatementPreparerImpl$StatementPreparationTemplate.prepareStatement(StatementPreparerImpl.java:183) ~[hibernate-core-6.4.4.Final.jar:6.4.4.Final]
	at org.hibernate.engine.jdbc.internal.StatementPreparerImpl.prepareQueryStatement(StatementPreparerImpl.java:155) ~[hibernate-core-6.4.4.Final.jar:6.4.4.Final]
	at org.hibernate.sql.exec.spi.JdbcSelectExecutor.lambda$list$0(JdbcSelectExecutor.java:85) ~[hibernate-core-6.4.4.Final.jar:6.4.4.Final]
	at org.hibernate.sql.results.jdbc.internal.DeferredResultSetAccess.executeQuery(DeferredResultSetAccess.java:231) ~[hibernate-core-6.4.4.Final.jar:6.4.4.Final]
	at org.hibernate.sql.results.jdbc.internal.DeferredResultSetAccess.getResultSet(DeferredResultSetAccess.java:167) ~[hibernate-core-6.4.4.Final.jar:6.4.4.Final]
	at org.hibernate.sql.results.jdbc.internal.JdbcValuesResultSetImpl.advanceNext(JdbcValuesResultSetImpl.java:218) ~[hibernate-core-6.4.4.Final.jar:6.4.4.Final]
	at org.hibernate.sql.results.jdbc.internal.JdbcValuesResultSetImpl.processNext(JdbcValuesResultSetImpl.java:98) ~[hibernate-core-6.4.4.Final.jar:6.4.4.Final]
	at org.hibernate.sql.results.jdbc.internal.AbstractJdbcValues.next(AbstractJdbcValues.java:19) ~[hibernate-core-6.4.4.Final.jar:6.4.4.Final]
	at org.hibernate.sql.results.internal.RowProcessingStateStandardImpl.next(RowProcessingStateStandardImpl.java:66) ~[hibernate-core-6.4.4.Final.jar:6.4.4.Final]
	at org.hibernate.sql.results.spi.ListResultsConsumer.consume(ListResultsConsumer.java:202) ~[hibernate-core-6.4.4.Final.jar:6.4.4.Final]
	at org.hibernate.sql.results.spi.ListResultsConsumer.consume(ListResultsConsumer.java:33) ~[hibernate-core-6.4.4.Final.jar:6.4.4.Final]
	at org.hibernate.sql.exec.internal.JdbcSelectExecutorStandardImpl.doExecuteQuery(JdbcSelectExecutorStandardImpl.java:209) ~[hibernate-core-6.4.4.Final.jar:6.4.4.Final]
	at org.hibernate.sql.exec.internal.JdbcSelectExecutorStandardImpl.executeQuery(JdbcSelectExecutorStandardImpl.java:83) ~[hibernate-core-6.4.4.Final.jar:6.4.4.Final]
	at org.hibernate.sql.exec.spi.JdbcSelectExecutor.list(JdbcSelectExecutor.java:76) ~[hibernate-core-6.4.4.Final.jar:6.4.4.Final]
	at org.hibernate.sql.exec.spi.JdbcSelectExecutor.list(JdbcSelectExecutor.java:65) ~[hibernate-core-6.4.4.Final.jar:6.4.4.Final]
	at org.hibernate.query.sqm.internal.ConcreteSqmSelectQueryPlan.lambda$new$2(ConcreteSqmSelectQueryPlan.java:137) ~[hibernate-core-6.4.4.Final.jar:6.4.4.Final]
	at org.hibernate.query.sqm.internal.ConcreteSqmSelectQueryPlan.withCacheableSqmInterpretation(ConcreteSqmSelectQueryPlan.java:362) ~[hibernate-core-6.4.4.Final.jar:6.4.4.Final]
	at org.hibernate.query.sqm.internal.ConcreteSqmSelectQueryPlan.performList(ConcreteSqmSelectQueryPlan.java:303) ~[hibernate-core-6.4.4.Final.jar:6.4.4.Final]
	at org.hibernate.query.sqm.internal.QuerySqmImpl.doList(QuerySqmImpl.java:509) ~[hibernate-core-6.4.4.Final.jar:6.4.4.Final]
	at org.hibernate.query.spi.AbstractSelectionQuery.list(AbstractSelectionQuery.java:427) ~[hibernate-core-6.4.4.Final.jar:6.4.4.Final]
	at org.hibernate.query.Query.getResultList(Query.java:120) ~[hibernate-core-6.4.4.Final.jar:6.4.4.Final]
	at org.springframework.data.jpa.repository.query.JpaQueryExecution$PagedExecution.doExecute(JpaQueryExecution.java:204) ~[spring-data-jpa-3.2.5.jar:3.2.5]
	at org.springframework.data.jpa.repository.query.JpaQueryExecution.execute(JpaQueryExecution.java:92) ~[spring-data-jpa-3.2.5.jar:3.2.5]
	at org.springframework.data.jpa.repository.query.AbstractJpaQuery.doExecute(AbstractJpaQuery.java:149) ~[spring-data-jpa-3.2.5.jar:3.2.5]
	at org.springframework.data.jpa.repository.query.AbstractJpaQuery.execute(AbstractJpaQuery.java:137) ~[spring-data-jpa-3.2.5.jar:3.2.5]
	at org.springframework.data.repository.core.support.RepositoryMethodInvoker.doInvoke(RepositoryMethodInvoker.java:170) ~[spring-data-commons-3.2.5.jar:3.2.5]
	at org.springframework.data.repository.core.support.RepositoryMethodInvoker.invoke(RepositoryMethodInvoker.java:158) ~[spring-data-commons-3.2.5.jar:3.2.5]
	at org.springframework.data.repository.core.support.QueryExecutorMethodInterceptor.doInvoke(QueryExecutorMethodInterceptor.java:164) ~[spring-data-commons-3.2.5.jar:3.2.5]
	at org.springframework.data.repository.core.support.QueryExecutorMethodInterceptor.invoke(QueryExecutorMethodInterceptor.java:143) ~[spring-data-commons-3.2.5.jar:3.2.5]
	at org.springframework.aop.framework.ReflectiveMethodInvocation.proceed(ReflectiveMethodInvocation.java:184) ~[spring-aop-6.1.6.jar:6.1.6]
	at org.springframework.data.projection.DefaultMethodInvokingMethodInterceptor.invoke(DefaultMethodInvokingMethodInterceptor.java:70) ~[spring-data-commons-3.2.5.jar:3.2.5]
	at org.springframework.aop.framework.ReflectiveMethodInvocation.proceed(ReflectiveMethodInvocation.java:184) ~[spring-aop-6.1.6.jar:6.1.6]
	at org.springframework.transaction.interceptor.TransactionInterceptor$1.proceedWithInvocation(TransactionInterceptor.java:123) ~[spring-tx-6.1.6.jar:6.1.6]
	at org.springframework.transaction.interceptor.TransactionAspectSupport.invokeWithinTransaction(TransactionAspectSupport.java:392) ~[spring-tx-6.1.6.jar:6.1.6]
	at org.springframework.transaction.interceptor.TransactionInterceptor.invoke(TransactionInterceptor.java:119) ~[spring-tx-6.1.6.jar:6.1.6]
	at org.springframework.aop.framework.ReflectiveMethodInvocation.proceed(ReflectiveMethodInvocation.java:184) ~[spring-aop-6.1.6.jar:6.1.6]
	at org.springframework.dao.support.PersistenceExceptionTranslationInterceptor.invoke(PersistenceExceptionTranslationInterceptor.java:137) ~[spring-tx-6.1.6.jar:6.1.6]
	at org.springframework.aop.framework.ReflectiveMethodInvocation.proceed(ReflectiveMethodInvocation.java:184) ~[spring-aop-6.1.6.jar:6.1.6]
	at org.springframework.data.jpa.repository.support.CrudMethodMetadataPostProcessor$CrudMethodMetadataPopulatingMethodInterceptor.invoke(CrudMethodMetadataPostProcessor.java:135) ~[spring-data-jpa-3.2.5.jar:3.2.5]
	at org.springframework.aop.framework.ReflectiveMethodInvocation.proceed(ReflectiveMethodInvocation.java:184) ~[spring-aop-6.1.6.jar:6.1.6]
	at org.springframework.aop.interceptor.ExposeInvocationInterceptor.invoke(ExposeInvocationInterceptor.java:97) ~[spring-aop-6.1.6.jar:6.1.6]
	at org.springframework.aop.framework.ReflectiveMethodInvocation.proceed(ReflectiveMethodInvocation.java:184) ~[spring-aop-6.1.6.jar:6.1.6]
	at org.springframework.aop.framework.JdkDynamicAopProxy.invoke(JdkDynamicAopProxy.java:223) ~[spring-aop-6.1.6.jar:6.1.6]
	at jdk.proxy3/jdk.proxy3.$Proxy141.findTop10CheapestProducts(Unknown Source) ~[?:?]
	at asm.java5Nhom6.service.ProductService.getTop10Product(ProductService.java:74) ~[classes/:?]
	at asm.java5Nhom6.controller.HomePage.trangChu(HomePage.java:119) ~[classes/:?]
	at java.base/jdk.internal.reflect.DirectMethodHandleAccessor.invoke(DirectMethodHandleAccessor.java:103) ~[?:?]
	at java.base/java.lang.reflect.Method.invoke(Method.java:580) ~[?:?]
	at org.springframework.web.method.support.InvocableHandlerMethod.doInvoke(InvocableHandlerMethod.java:255) ~[spring-web-6.1.6.jar:6.1.6]
	at org.springframework.web.method.support.InvocableHandlerMethod.invokeForRequest(InvocableHandlerMethod.java:188) ~[spring-web-6.1.6.jar:6.1.6]
	at org.springframework.web.servlet.mvc.method.annotation.ServletInvocableHandlerMethod.invokeAndHandle(ServletInvocableHandlerMethod.java:118) ~[spring-webmvc-6.1.6.jar:6.1.6]
	at org.springframework.web.servlet.mvc.method.annotation.RequestMappingHandlerAdapter.invokeHandlerMethod(RequestMappingHandlerAdapter.java:926) ~[spring-webmvc-6.1.6.jar:6.1.6]
	at org.springframework.web.servlet.mvc.method.annotation.RequestMappingHandlerAdapter.handleInternal(RequestMappingHandlerAdapter.java:831) ~[spring-webmvc-6.1.6.jar:6.1.6]
	at org.springframework.web.servlet.mvc.method.AbstractHandlerMethodAdapter.handle(AbstractHandlerMethodAdapter.java:87) ~[spring-webmvc-6.1.6.jar:6.1.6]
	at org.springframework.web.servlet.DispatcherServlet.doDispatch(DispatcherServlet.java:1089) ~[spring-webmvc-6.1.6.jar:6.1.6]
	at org.springframework.web.servlet.DispatcherServlet.doService(DispatcherServlet.java:979) ~[spring-webmvc-6.1.6.jar:6.1.6]
	at org.springframework.web.servlet.FrameworkServlet.processRequest(FrameworkServlet.java:1014) ~[spring-webmvc-6.1.6.jar:6.1.6]
	at org.springframework.web.servlet.FrameworkServlet.doGet(FrameworkServlet.java:903) ~[spring-webmvc-6.1.6.jar:6.1.6]
	at jakarta.servlet.http.HttpServlet.service(HttpServlet.java:564) ~[tomcat-embed-core-10.1.20.jar:6.0]
	at org.springframework.web.servlet.FrameworkServlet.service(FrameworkServlet.java:885) ~[spring-webmvc-6.1.6.jar:6.1.6]
	at jakarta.servlet.http.HttpServlet.service(HttpServlet.java:658) ~[tomcat-embed-core-10.1.20.jar:6.0]
	at org.apache.catalina.core.ApplicationFilterChain.internalDoFilter(ApplicationFilterChain.java:206) ~[tomcat-embed-core-10.1.20.jar:10.1.20]
	at org.apache.catalina.core.ApplicationFilterChain.doFilter(ApplicationFilterChain.java:150) ~[tomcat-embed-core-10.1.20.jar:10.1.20]
	at org.apache.tomcat.websocket.server.WsFilter.doFilter(WsFilter.java:51) ~[tomcat-embed-websocket-10.1.20.jar:10.1.20]
	at org.apache.catalina.core.ApplicationFilterChain.internalDoFilter(ApplicationFilterChain.java:175) ~[tomcat-embed-core-10.1.20.jar:10.1.20]
	at org.apache.catalina.core.ApplicationFilterChain.doFilter(ApplicationFilterChain.java:150) ~[tomcat-embed-core-10.1.20.jar:10.1.20]
	at org.springframework.web.filter.RequestContextFilter.doFilterInternal(RequestContextFilter.java:100) ~[spring-web-6.1.6.jar:6.1.6]
	at org.springframework.web.filter.OncePerRequestFilter.doFilter(OncePerRequestFilter.java:116) ~[spring-web-6.1.6.jar:6.1.6]
	at org.apache.catalina.core.ApplicationFilterChain.internalDoFilter(ApplicationFilterChain.java:175) ~[tomcat-embed-core-10.1.20.jar:10.1.20]
	at org.apache.catalina.core.ApplicationFilterChain.doFilter(ApplicationFilterChain.java:150) ~[tomcat-embed-core-10.1.20.jar:10.1.20]
	at org.springframework.web.filter.FormContentFilter.doFilterInternal(FormContentFilter.java:93) ~[spring-web-6.1.6.jar:6.1.6]
	at org.springframework.web.filter.OncePerRequestFilter.doFilter(OncePerRequestFilter.java:116) ~[spring-web-6.1.6.jar:6.1.6]
	at org.apache.catalina.core.ApplicationFilterChain.internalDoFilter(ApplicationFilterChain.java:175) ~[tomcat-embed-core-10.1.20.jar:10.1.20]
	at org.apache.catalina.core.ApplicationFilterChain.doFilter(ApplicationFilterChain.java:150) ~[tomcat-embed-core-10.1.20.jar:10.1.20]
	at org.springframework.web.filter.CharacterEncodingFilter.doFilterInternal(CharacterEncodingFilter.java:201) ~[spring-web-6.1.6.jar:6.1.6]
	at org.springframework.web.filter.OncePerRequestFilter.doFilter(OncePerRequestFilter.java:116) ~[spring-web-6.1.6.jar:6.1.6]
	at org.apache.catalina.core.ApplicationFilterChain.internalDoFilter(ApplicationFilterChain.java:175) ~[tomcat-embed-core-10.1.20.jar:10.1.20]
	at org.apache.catalina.core.ApplicationFilterChain.doFilter(ApplicationFilterChain.java:150) ~[tomcat-embed-core-10.1.20.jar:10.1.20]
	at org.apache.catalina.core.StandardWrapperValve.invoke(StandardWrapperValve.java:167) ~[tomcat-embed-core-10.1.20.jar:10.1.20]
	at org.apache.catalina.core.StandardContextValve.invoke(StandardContextValve.java:90) ~[tomcat-embed-core-10.1.20.jar:10.1.20]
	at org.apache.catalina.authenticator.AuthenticatorBase.invoke(AuthenticatorBase.java:482) ~[tomcat-embed-core-10.1.20.jar:10.1.20]
	at org.apache.catalina.core.StandardHostValve.invoke(StandardHostValve.java:115) ~[tomcat-embed-core-10.1.20.jar:10.1.20]
	at org.apache.catalina.valves.ErrorReportValve.invoke(ErrorReportValve.java:93) ~[tomcat-embed-core-10.1.20.jar:10.1.20]
	at org.apache.catalina.core.StandardEngineValve.invoke(StandardEngineValve.java:74) ~[tomcat-embed-core-10.1.20.jar:10.1.20]
	at org.apache.catalina.connector.CoyoteAdapter.service(CoyoteAdapter.java:344) ~[tomcat-embed-core-10.1.20.jar:10.1.20]
	at org.apache.coyote.http11.Http11Processor.service(Http11Processor.java:391) ~[tomcat-embed-core-10.1.20.jar:10.1.20]
	at org.apache.coyote.AbstractProcessorLight.process(AbstractProcessorLight.java:63) ~[tomcat-embed-core-10.1.20.jar:10.1.20]
	at org.apache.coyote.AbstractProtocol$ConnectionHandler.process(AbstractProtocol.java:896) ~[tomcat-embed-core-10.1.20.jar:10.1.20]
	at org.apache.tomcat.util.net.NioEndpoint$SocketProcessor.doRun(NioEndpoint.java:1736) ~[tomcat-embed-core-10.1.20.jar:10.1.20]
	at org.apache.tomcat.util.net.SocketProcessorBase.run(SocketProcessorBase.java:52) ~[tomcat-embed-core-10.1.20.jar:10.1.20]
	at org.apache.tomcat.util.threads.ThreadPoolExecutor.runWorker(ThreadPoolExecutor.java:1191) ~[tomcat-embed-core-10.1.20.jar:10.1.20]
	at org.apache.tomcat.util.threads.ThreadPoolExecutor$Worker.run(ThreadPoolExecutor.java:659) ~[tomcat-embed-core-10.1.20.jar:10.1.20]
	at org.apache.tomcat.util.threads.TaskThread$WrappingRunnable.run(TaskThread.java:63) ~[tomcat-embed-core-10.1.20.jar:10.1.20]
	at java.base/java.lang.Thread.run(Thread.java:1583) [?:?]
2024-06-17 13:14:56,844 WARN o.h.e.j.s.SqlExceptionHelper [http-nio-8080-exec-1] SQL Error: 18456, SQLState: S0001
2024-06-17 13:14:56,844 ERROR o.h.e.j.s.SqlExceptionHelper [http-nio-8080-exec-1] Login failed for user 'sa'. ClientConnectionId:6a7fabe7-810f-4b9c-b59a-553e01525fc6
2024-06-17 13:14:56,865 ERROR o.a.c.c.C.[.[.[.[dispatcherServlet] [http-nio-8080-exec-1] Servlet.service() for servlet [dispatcherServlet] in context with path [] threw exception [Request processing failed: org.springframework.dao.InvalidDataAccessResourceUsageException: Unable to acquire JDBC Connection [Login failed for user 'sa'. ClientConnectionId:6a7fabe7-810f-4b9c-b59a-553e01525fc6] [n/a]; SQL [n/a]] with root cause
com.microsoft.sqlserver.jdbc.SQLServerException: Login failed for user 'sa'. ClientConnectionId:6a7fabe7-810f-4b9c-b59a-553e01525fc6
	at com.microsoft.sqlserver.jdbc.SQLServerException.makeFromDatabaseError(SQLServerException.java:259) ~[mssql-jdbc-12.4.2.jre11.jar:?]
	at com.microsoft.sqlserver.jdbc.TDSTokenHandler.onEOF(tdsparser.java:304) ~[mssql-jdbc-12.4.2.jre11.jar:?]
	at com.microsoft.sqlserver.jdbc.TDSParser.parse(tdsparser.java:137) ~[mssql-jdbc-12.4.2.jre11.jar:?]
	at com.microsoft.sqlserver.jdbc.TDSParser.parse(tdsparser.java:42) ~[mssql-jdbc-12.4.2.jre11.jar:?]
	at com.microsoft.sqlserver.jdbc.SQLServerConnection.sendLogon(SQLServerConnection.java:6612) ~[mssql-jdbc-12.4.2.jre11.jar:?]
	at com.microsoft.sqlserver.jdbc.SQLServerConnection.logon(SQLServerConnection.java:5154) ~[mssql-jdbc-12.4.2.jre11.jar:?]
	at com.microsoft.sqlserver.jdbc.SQLServerConnection$LogonCommand.doExecute(SQLServerConnection.java:5087) ~[mssql-jdbc-12.4.2.jre11.jar:?]
	at com.microsoft.sqlserver.jdbc.TDSCommand.execute(IOBuffer.java:7675) ~[mssql-jdbc-12.4.2.jre11.jar:?]
	at com.microsoft.sqlserver.jdbc.SQLServerConnection.executeCommand(SQLServerConnection.java:4137) ~[mssql-jdbc-12.4.2.jre11.jar:?]
	at com.microsoft.sqlserver.jdbc.SQLServerConnection.connectHelper(SQLServerConnection.java:3583) ~[mssql-jdbc-12.4.2.jre11.jar:?]
	at com.microsoft.sqlserver.jdbc.SQLServerConnection.login(SQLServerConnection.java:3172) ~[mssql-jdbc-12.4.2.jre11.jar:?]
	at com.microsoft.sqlserver.jdbc.SQLServerConnection.connectInternal(SQLServerConnection.java:3014) ~[mssql-jdbc-12.4.2.jre11.jar:?]
	at com.microsoft.sqlserver.jdbc.SQLServerConnection.connect(SQLServerConnection.java:1836) ~[mssql-jdbc-12.4.2.jre11.jar:?]
	at com.microsoft.sqlserver.jdbc.SQLServerDriver.connect(SQLServerDriver.java:1246) ~[mssql-jdbc-12.4.2.jre11.jar:?]
	at com.zaxxer.hikari.util.DriverDataSource.getConnection(DriverDataSource.java:138) ~[HikariCP-5.0.1.jar:?]
	at com.zaxxer.hikari.pool.PoolBase.newConnection(PoolBase.java:359) ~[HikariCP-5.0.1.jar:?]
	at com.zaxxer.hikari.pool.PoolBase.newPoolEntry(PoolBase.java:201) ~[HikariCP-5.0.1.jar:?]
	at com.zaxxer.hikari.pool.HikariPool.createPoolEntry(HikariPool.java:470) ~[HikariCP-5.0.1.jar:?]
	at com.zaxxer.hikari.pool.HikariPool.checkFailFast(HikariPool.java:561) ~[HikariCP-5.0.1.jar:?]
	at com.zaxxer.hikari.pool.HikariPool.<init>(HikariPool.java:100) ~[HikariCP-5.0.1.jar:?]
	at com.zaxxer.hikari.HikariDataSource.getConnection(HikariDataSource.java:112) ~[HikariCP-5.0.1.jar:?]
	at org.hibernate.engine.jdbc.connections.internal.DatasourceConnectionProviderImpl.getConnection(DatasourceConnectionProviderImpl.java:122) ~[hibernate-core-6.4.4.Final.jar:6.4.4.Final]
	at org.hibernate.internal.NonContextualJdbcConnectionAccess.obtainConnection(NonContextualJdbcConnectionAccess.java:46) ~[hibernate-core-6.4.4.Final.jar:6.4.4.Final]
	at org.hibernate.resource.jdbc.internal.LogicalConnectionManagedImpl.acquireConnectionIfNeeded(LogicalConnectionManagedImpl.java:113) ~[hibernate-core-6.4.4.Final.jar:6.4.4.Final]
	at org.hibernate.resource.jdbc.internal.LogicalConnectionManagedImpl.getPhysicalConnection(LogicalConnectionManagedImpl.java:143) ~[hibernate-core-6.4.4.Final.jar:6.4.4.Final]
	at org.hibernate.engine.jdbc.internal.StatementPreparerImpl.connection(StatementPreparerImpl.java:54) ~[hibernate-core-6.4.4.Final.jar:6.4.4.Final]
	at org.hibernate.engine.jdbc.internal.StatementPreparerImpl$5.doPrepare(StatementPreparerImpl.java:153) ~[hibernate-core-6.4.4.Final.jar:6.4.4.Final]
	at org.hibernate.engine.jdbc.internal.StatementPreparerImpl$StatementPreparationTemplate.prepareStatement(StatementPreparerImpl.java:183) ~[hibernate-core-6.4.4.Final.jar:6.4.4.Final]
	at org.hibernate.engine.jdbc.internal.StatementPreparerImpl.prepareQueryStatement(StatementPreparerImpl.java:155) ~[hibernate-core-6.4.4.Final.jar:6.4.4.Final]
	at org.hibernate.sql.exec.spi.JdbcSelectExecutor.lambda$list$0(JdbcSelectExecutor.java:85) ~[hibernate-core-6.4.4.Final.jar:6.4.4.Final]
	at org.hibernate.sql.results.jdbc.internal.DeferredResultSetAccess.executeQuery(DeferredResultSetAccess.java:231) ~[hibernate-core-6.4.4.Final.jar:6.4.4.Final]
	at org.hibernate.sql.results.jdbc.internal.DeferredResultSetAccess.getResultSet(DeferredResultSetAccess.java:167) ~[hibernate-core-6.4.4.Final.jar:6.4.4.Final]
	at org.hibernate.sql.results.jdbc.internal.JdbcValuesResultSetImpl.advanceNext(JdbcValuesResultSetImpl.java:218) ~[hibernate-core-6.4.4.Final.jar:6.4.4.Final]
	at org.hibernate.sql.results.jdbc.internal.JdbcValuesResultSetImpl.processNext(JdbcValuesResultSetImpl.java:98) ~[hibernate-core-6.4.4.Final.jar:6.4.4.Final]
	at org.hibernate.sql.results.jdbc.internal.AbstractJdbcValues.next(AbstractJdbcValues.java:19) ~[hibernate-core-6.4.4.Final.jar:6.4.4.Final]
	at org.hibernate.sql.results.internal.RowProcessingStateStandardImpl.next(RowProcessingStateStandardImpl.java:66) ~[hibernate-core-6.4.4.Final.jar:6.4.4.Final]
	at org.hibernate.sql.results.spi.ListResultsConsumer.consume(ListResultsConsumer.java:202) ~[hibernate-core-6.4.4.Final.jar:6.4.4.Final]
	at org.hibernate.sql.results.spi.ListResultsConsumer.consume(ListResultsConsumer.java:33) ~[hibernate-core-6.4.4.Final.jar:6.4.4.Final]
	at org.hibernate.sql.exec.internal.JdbcSelectExecutorStandardImpl.doExecuteQuery(JdbcSelectExecutorStandardImpl.java:209) ~[hibernate-core-6.4.4.Final.jar:6.4.4.Final]
	at org.hibernate.sql.exec.internal.JdbcSelectExecutorStandardImpl.executeQuery(JdbcSelectExecutorStandardImpl.java:83) ~[hibernate-core-6.4.4.Final.jar:6.4.4.Final]
	at org.hibernate.sql.exec.spi.JdbcSelectExecutor.list(JdbcSelectExecutor.java:76) ~[hibernate-core-6.4.4.Final.jar:6.4.4.Final]
	at org.hibernate.sql.exec.spi.JdbcSelectExecutor.list(JdbcSelectExecutor.java:65) ~[hibernate-core-6.4.4.Final.jar:6.4.4.Final]
	at org.hibernate.query.sqm.internal.ConcreteSqmSelectQueryPlan.lambda$new$2(ConcreteSqmSelectQueryPlan.java:137) ~[hibernate-core-6.4.4.Final.jar:6.4.4.Final]
	at org.hibernate.query.sqm.internal.ConcreteSqmSelectQueryPlan.withCacheableSqmInterpretation(ConcreteSqmSelectQueryPlan.java:362) ~[hibernate-core-6.4.4.Final.jar:6.4.4.Final]
	at org.hibernate.query.sqm.internal.ConcreteSqmSelectQueryPlan.performList(ConcreteSqmSelectQueryPlan.java:303) ~[hibernate-core-6.4.4.Final.jar:6.4.4.Final]
	at org.hibernate.query.sqm.internal.QuerySqmImpl.doList(QuerySqmImpl.java:509) ~[hibernate-core-6.4.4.Final.jar:6.4.4.Final]
	at org.hibernate.query.spi.AbstractSelectionQuery.list(AbstractSelectionQuery.java:427) ~[hibernate-core-6.4.4.Final.jar:6.4.4.Final]
	at org.hibernate.query.Query.getResultList(Query.java:120) ~[hibernate-core-6.4.4.Final.jar:6.4.4.Final]
	at org.springframework.data.jpa.repository.query.JpaQueryExecution$PagedExecution.doExecute(JpaQueryExecution.java:204) ~[spring-data-jpa-3.2.5.jar:3.2.5]
	at org.springframework.data.jpa.repository.query.JpaQueryExecution.execute(JpaQueryExecution.java:92) ~[spring-data-jpa-3.2.5.jar:3.2.5]
	at org.springframework.data.jpa.repository.query.AbstractJpaQuery.doExecute(AbstractJpaQuery.java:149) ~[spring-data-jpa-3.2.5.jar:3.2.5]
	at org.springframework.data.jpa.repository.query.AbstractJpaQuery.execute(AbstractJpaQuery.java:137) ~[spring-data-jpa-3.2.5.jar:3.2.5]
	at org.springframework.data.repository.core.support.RepositoryMethodInvoker.doInvoke(RepositoryMethodInvoker.java:170) ~[spring-data-commons-3.2.5.jar:3.2.5]
	at org.springframework.data.repository.core.support.RepositoryMethodInvoker.invoke(RepositoryMethodInvoker.java:158) ~[spring-data-commons-3.2.5.jar:3.2.5]
	at org.springframework.data.repository.core.support.QueryExecutorMethodInterceptor.doInvoke(QueryExecutorMethodInterceptor.java:164) ~[spring-data-commons-3.2.5.jar:3.2.5]
	at org.springframework.data.repository.core.support.QueryExecutorMethodInterceptor.invoke(QueryExecutorMethodInterceptor.java:143) ~[spring-data-commons-3.2.5.jar:3.2.5]
	at org.springframework.aop.framework.ReflectiveMethodInvocation.proceed(ReflectiveMethodInvocation.java:184) ~[spring-aop-6.1.6.jar:6.1.6]
	at org.springframework.data.projection.DefaultMethodInvokingMethodInterceptor.invoke(DefaultMethodInvokingMethodInterceptor.java:70) ~[spring-data-commons-3.2.5.jar:3.2.5]
	at org.springframework.aop.framework.ReflectiveMethodInvocation.proceed(ReflectiveMethodInvocation.java:184) ~[spring-aop-6.1.6.jar:6.1.6]
	at org.springframework.transaction.interceptor.TransactionInterceptor$1.proceedWithInvocation(TransactionInterceptor.java:123) ~[spring-tx-6.1.6.jar:6.1.6]
	at org.springframework.transaction.interceptor.TransactionAspectSupport.invokeWithinTransaction(TransactionAspectSupport.java:392) ~[spring-tx-6.1.6.jar:6.1.6]
	at org.springframework.transaction.interceptor.TransactionInterceptor.invoke(TransactionInterceptor.java:119) ~[spring-tx-6.1.6.jar:6.1.6]
	at org.springframework.aop.framework.ReflectiveMethodInvocation.proceed(ReflectiveMethodInvocation.java:184) ~[spring-aop-6.1.6.jar:6.1.6]
	at org.springframework.dao.support.PersistenceExceptionTranslationInterceptor.invoke(PersistenceExceptionTranslationInterceptor.java:137) ~[spring-tx-6.1.6.jar:6.1.6]
	at org.springframework.aop.framework.ReflectiveMethodInvocation.proceed(ReflectiveMethodInvocation.java:184) ~[spring-aop-6.1.6.jar:6.1.6]
	at org.springframework.data.jpa.repository.support.CrudMethodMetadataPostProcessor$CrudMethodMetadataPopulatingMethodInterceptor.invoke(CrudMethodMetadataPostProcessor.java:135) ~[spring-data-jpa-3.2.5.jar:3.2.5]
	at org.springframework.aop.framework.ReflectiveMethodInvocation.proceed(ReflectiveMethodInvocation.java:184) ~[spring-aop-6.1.6.jar:6.1.6]
	at org.springframework.aop.interceptor.ExposeInvocationInterceptor.invoke(ExposeInvocationInterceptor.java:97) ~[spring-aop-6.1.6.jar:6.1.6]
	at org.springframework.aop.framework.ReflectiveMethodInvocation.proceed(ReflectiveMethodInvocation.java:184) ~[spring-aop-6.1.6.jar:6.1.6]
	at org.springframework.aop.framework.JdkDynamicAopProxy.invoke(JdkDynamicAopProxy.java:223) ~[spring-aop-6.1.6.jar:6.1.6]
	at jdk.proxy3/jdk.proxy3.$Proxy141.findTop10CheapestProducts(Unknown Source) ~[?:?]
	at asm.java5Nhom6.service.ProductService.getTop10Product(ProductService.java:74) ~[classes/:?]
	at asm.java5Nhom6.controller.HomePage.trangChu(HomePage.java:119) ~[classes/:?]
	at java.base/jdk.internal.reflect.DirectMethodHandleAccessor.invoke(DirectMethodHandleAccessor.java:103) ~[?:?]
	at java.base/java.lang.reflect.Method.invoke(Method.java:580) ~[?:?]
	at org.springframework.web.method.support.InvocableHandlerMethod.doInvoke(InvocableHandlerMethod.java:255) ~[spring-web-6.1.6.jar:6.1.6]
	at org.springframework.web.method.support.InvocableHandlerMethod.invokeForRequest(InvocableHandlerMethod.java:188) ~[spring-web-6.1.6.jar:6.1.6]
	at org.springframework.web.servlet.mvc.method.annotation.ServletInvocableHandlerMethod.invokeAndHandle(ServletInvocableHandlerMethod.java:118) ~[spring-webmvc-6.1.6.jar:6.1.6]
	at org.springframework.web.servlet.mvc.method.annotation.RequestMappingHandlerAdapter.invokeHandlerMethod(RequestMappingHandlerAdapter.java:926) ~[spring-webmvc-6.1.6.jar:6.1.6]
	at org.springframework.web.servlet.mvc.method.annotation.RequestMappingHandlerAdapter.handleInternal(RequestMappingHandlerAdapter.java:831) ~[spring-webmvc-6.1.6.jar:6.1.6]
	at org.springframework.web.servlet.mvc.method.AbstractHandlerMethodAdapter.handle(AbstractHandlerMethodAdapter.java:87) ~[spring-webmvc-6.1.6.jar:6.1.6]
	at org.springframework.web.servlet.DispatcherServlet.doDispatch(DispatcherServlet.java:1089) ~[spring-webmvc-6.1.6.jar:6.1.6]
	at org.springframework.web.servlet.DispatcherServlet.doService(DispatcherServlet.java:979) ~[spring-webmvc-6.1.6.jar:6.1.6]
	at org.springframework.web.servlet.FrameworkServlet.processRequest(FrameworkServlet.java:1014) ~[spring-webmvc-6.1.6.jar:6.1.6]
	at org.springframework.web.servlet.FrameworkServlet.doGet(FrameworkServlet.java:903) ~[spring-webmvc-6.1.6.jar:6.1.6]
	at jakarta.servlet.http.HttpServlet.service(HttpServlet.java:564) ~[tomcat-embed-core-10.1.20.jar:6.0]
	at org.springframework.web.servlet.FrameworkServlet.service(FrameworkServlet.java:885) ~[spring-webmvc-6.1.6.jar:6.1.6]
	at jakarta.servlet.http.HttpServlet.service(HttpServlet.java:658) ~[tomcat-embed-core-10.1.20.jar:6.0]
	at org.apache.catalina.core.ApplicationFilterChain.internalDoFilter(ApplicationFilterChain.java:206) ~[tomcat-embed-core-10.1.20.jar:10.1.20]
	at org.apache.catalina.core.ApplicationFilterChain.doFilter(ApplicationFilterChain.java:150) ~[tomcat-embed-core-10.1.20.jar:10.1.20]
	at org.apache.tomcat.websocket.server.WsFilter.doFilter(WsFilter.java:51) ~[tomcat-embed-websocket-10.1.20.jar:10.1.20]
	at org.apache.catalina.core.ApplicationFilterChain.internalDoFilter(ApplicationFilterChain.java:175) ~[tomcat-embed-core-10.1.20.jar:10.1.20]
	at org.apache.catalina.core.ApplicationFilterChain.doFilter(ApplicationFilterChain.java:150) ~[tomcat-embed-core-10.1.20.jar:10.1.20]
	at org.springframework.web.filter.RequestContextFilter.doFilterInternal(RequestContextFilter.java:100) ~[spring-web-6.1.6.jar:6.1.6]
	at org.springframework.web.filter.OncePerRequestFilter.doFilter(OncePerRequestFilter.java:116) ~[spring-web-6.1.6.jar:6.1.6]
	at org.apache.catalina.core.ApplicationFilterChain.internalDoFilter(ApplicationFilterChain.java:175) ~[tomcat-embed-core-10.1.20.jar:10.1.20]
	at org.apache.catalina.core.ApplicationFilterChain.doFilter(ApplicationFilterChain.java:150) ~[tomcat-embed-core-10.1.20.jar:10.1.20]
	at org.springframework.web.filter.FormContentFilter.doFilterInternal(FormContentFilter.java:93) ~[spring-web-6.1.6.jar:6.1.6]
	at org.springframework.web.filter.OncePerRequestFilter.doFilter(OncePerRequestFilter.java:116) ~[spring-web-6.1.6.jar:6.1.6]
	at org.apache.catalina.core.ApplicationFilterChain.internalDoFilter(ApplicationFilterChain.java:175) ~[tomcat-embed-core-10.1.20.jar:10.1.20]
	at org.apache.catalina.core.ApplicationFilterChain.doFilter(ApplicationFilterChain.java:150) ~[tomcat-embed-core-10.1.20.jar:10.1.20]
	at org.springframework.web.filter.CharacterEncodingFilter.doFilterInternal(CharacterEncodingFilter.java:201) ~[spring-web-6.1.6.jar:6.1.6]
	at org.springframework.web.filter.OncePerRequestFilter.doFilter(OncePerRequestFilter.java:116) ~[spring-web-6.1.6.jar:6.1.6]
	at org.apache.catalina.core.ApplicationFilterChain.internalDoFilter(ApplicationFilterChain.java:175) ~[tomcat-embed-core-10.1.20.jar:10.1.20]
	at org.apache.catalina.core.ApplicationFilterChain.doFilter(ApplicationFilterChain.java:150) ~[tomcat-embed-core-10.1.20.jar:10.1.20]
	at org.apache.catalina.core.StandardWrapperValve.invoke(StandardWrapperValve.java:167) ~[tomcat-embed-core-10.1.20.jar:10.1.20]
	at org.apache.catalina.core.StandardContextValve.invoke(StandardContextValve.java:90) ~[tomcat-embed-core-10.1.20.jar:10.1.20]
	at org.apache.catalina.authenticator.AuthenticatorBase.invoke(AuthenticatorBase.java:482) ~[tomcat-embed-core-10.1.20.jar:10.1.20]
	at org.apache.catalina.core.StandardHostValve.invoke(StandardHostValve.java:115) ~[tomcat-embed-core-10.1.20.jar:10.1.20]
	at org.apache.catalina.valves.ErrorReportValve.invoke(ErrorReportValve.java:93) ~[tomcat-embed-core-10.1.20.jar:10.1.20]
	at org.apache.catalina.core.StandardEngineValve.invoke(StandardEngineValve.java:74) ~[tomcat-embed-core-10.1.20.jar:10.1.20]
	at org.apache.catalina.connector.CoyoteAdapter.service(CoyoteAdapter.java:344) ~[tomcat-embed-core-10.1.20.jar:10.1.20]
	at org.apache.coyote.http11.Http11Processor.service(Http11Processor.java:391) ~[tomcat-embed-core-10.1.20.jar:10.1.20]
	at org.apache.coyote.AbstractProcessorLight.process(AbstractProcessorLight.java:63) ~[tomcat-embed-core-10.1.20.jar:10.1.20]
	at org.apache.coyote.AbstractProtocol$ConnectionHandler.process(AbstractProtocol.java:896) ~[tomcat-embed-core-10.1.20.jar:10.1.20]
	at org.apache.tomcat.util.net.NioEndpoint$SocketProcessor.doRun(NioEndpoint.java:1736) ~[tomcat-embed-core-10.1.20.jar:10.1.20]
	at org.apache.tomcat.util.net.SocketProcessorBase.run(SocketProcessorBase.java:52) ~[tomcat-embed-core-10.1.20.jar:10.1.20]
	at org.apache.tomcat.util.threads.ThreadPoolExecutor.runWorker(ThreadPoolExecutor.java:1191) ~[tomcat-embed-core-10.1.20.jar:10.1.20]
	at org.apache.tomcat.util.threads.ThreadPoolExecutor$Worker.run(ThreadPoolExecutor.java:659) ~[tomcat-embed-core-10.1.20.jar:10.1.20]
	at org.apache.tomcat.util.threads.TaskThread$WrappingRunnable.run(TaskThread.java:63) ~[tomcat-embed-core-10.1.20.jar:10.1.20]
	at java.base/java.lang.Thread.run(Thread.java:1583) [?:?]
2024-06-17 13:15:15,937 INFO o.a.c.h.Http11NioProtocol [RMI TCP Connection(3)-127.0.0.1] Stopping ProtocolHandler ["http-nio-8080"]
2024-06-17 13:15:16,321 INFO o.s.o.j.LocalContainerEntityManagerFactoryBean [RMI TCP Connection(3)-127.0.0.1] Closing JPA EntityManagerFactory for persistence unit 'default'
2024-06-17 13:15:30,985 INFO a.j.Lab21Application [restartedMain] Starting Lab21Application using Java 21.0.2 with PID 14700 (C:\FPT Polytechnic\Java5\MyDieuApp\target\classes started by Asus in C:\FPT Polytechnic\Java5\MyDieuApp)
2024-06-17 13:15:31,003 DEBUG a.j.Lab21Application [restartedMain] Running with Spring Boot v3.2.5, Spring v6.1.6
2024-06-17 13:15:31,004 INFO a.j.Lab21Application [restartedMain] No active profile set, falling back to 1 default profile: "default"
2024-06-17 13:15:31,655 INFO o.s.d.r.c.RepositoryConfigurationDelegate [restartedMain] Bootstrapping Spring Data JPA repositories in DEFAULT mode.
2024-06-17 13:15:31,749 INFO o.s.d.r.c.RepositoryConfigurationDelegate [restartedMain] Finished Spring Data repository scanning in 87 ms. Found 16 JPA repository interfaces.
2024-06-17 13:15:32,378 INFO o.a.c.h.Http11NioProtocol [restartedMain] Initializing ProtocolHandler ["http-nio-8080"]
2024-06-17 13:15:32,378 INFO o.a.c.c.StandardService [restartedMain] Starting service [Tomcat]
2024-06-17 13:15:32,378 INFO o.a.c.c.StandardEngine [restartedMain] Starting Servlet engine: [Apache Tomcat/10.1.20]
2024-06-17 13:15:32,646 WARN o.a.t.u.s.StandardJarScanner [restartedMain] Failed to scan [file:/C:/Users/Asus/.m2/repository/xalan/xalan/2.7.2/serializer.jar] from classloader hierarchy
java.nio.file.NoSuchFileException: C:\Users\Asus\.m2\repository\xalan\xalan\2.7.2\serializer.jar
	at java.base/sun.nio.fs.WindowsException.translateToIOException(WindowsException.java:85) ~[?:?]
	at java.base/sun.nio.fs.WindowsException.rethrowAsIOException(WindowsException.java:103) ~[?:?]
	at java.base/sun.nio.fs.WindowsException.rethrowAsIOException(WindowsException.java:108) ~[?:?]
	at java.base/sun.nio.fs.WindowsFileAttributeViews$Basic.readAttributes(WindowsFileAttributeViews.java:53) ~[?:?]
	at java.base/sun.nio.fs.WindowsFileAttributeViews$Basic.readAttributes(WindowsFileAttributeViews.java:38) ~[?:?]
	at java.base/sun.nio.fs.WindowsFileSystemProvider.readAttributes(WindowsFileSystemProvider.java:197) ~[?:?]
	at java.base/java.nio.file.Files.readAttributes(Files.java:1853) ~[?:?]
	at java.base/java.util.zip.ZipFile$Source.get(ZipFile.java:1445) ~[?:?]
	at java.base/java.util.zip.ZipFile$CleanableResource.<init>(ZipFile.java:724) ~[?:?]
	at java.base/java.util.zip.ZipFile.<init>(ZipFile.java:251) ~[?:?]
	at java.base/java.util.zip.ZipFile.<init>(ZipFile.java:180) ~[?:?]
	at java.base/java.util.jar.JarFile.<init>(JarFile.java:345) ~[?:?]
	at org.apache.tomcat.util.scan.JarFileUrlJar.<init>(JarFileUrlJar.java:65) ~[tomcat-embed-core-10.1.20.jar:10.1.20]
	at org.apache.tomcat.util.scan.JarFactory.newInstance(JarFactory.java:49) ~[tomcat-embed-core-10.1.20.jar:10.1.20]
	at org.apache.tomcat.util.scan.StandardJarScanner.process(StandardJarScanner.java:397) ~[tomcat-embed-core-10.1.20.jar:10.1.20]
	at org.apache.tomcat.util.scan.StandardJarScanner.processURLs(StandardJarScanner.java:332) [tomcat-embed-core-10.1.20.jar:10.1.20]
	at org.apache.tomcat.util.scan.StandardJarScanner.doScanClassPath(StandardJarScanner.java:297) [tomcat-embed-core-10.1.20.jar:10.1.20]
	at org.apache.tomcat.util.scan.StandardJarScanner.scan(StandardJarScanner.java:238) [tomcat-embed-core-10.1.20.jar:10.1.20]
	at org.apache.jasper.servlet.TldScanner.scanJars(TldScanner.java:262) [tomcat-embed-jasper-10.1.20.jar:10.1.20]
	at org.apache.jasper.servlet.TldScanner.scan(TldScanner.java:104) [tomcat-embed-jasper-10.1.20.jar:10.1.20]
	at org.apache.jasper.servlet.JasperInitializer.onStartup(JasperInitializer.java:83) [tomcat-embed-jasper-10.1.20.jar:10.1.20]
	at org.apache.catalina.core.StandardContext.startInternal(StandardContext.java:4880) [tomcat-embed-core-10.1.20.jar:10.1.20]
	at org.apache.catalina.util.LifecycleBase.start(LifecycleBase.java:171) [tomcat-embed-core-10.1.20.jar:10.1.20]
	at org.apache.catalina.core.ContainerBase$StartChild.call(ContainerBase.java:1332) [tomcat-embed-core-10.1.20.jar:10.1.20]
	at org.apache.catalina.core.ContainerBase$StartChild.call(ContainerBase.java:1322) [tomcat-embed-core-10.1.20.jar:10.1.20]
	at java.base/java.util.concurrent.FutureTask.run(FutureTask.java:317) [?:?]
	at org.apache.tomcat.util.threads.InlineExecutorService.execute(InlineExecutorService.java:75) [tomcat-embed-core-10.1.20.jar:10.1.20]
	at java.base/java.util.concurrent.AbstractExecutorService.submit(AbstractExecutorService.java:145) [?:?]
	at org.apache.catalina.core.ContainerBase.startInternal(ContainerBase.java:866) [tomcat-embed-core-10.1.20.jar:10.1.20]
	at org.apache.catalina.core.StandardHost.startInternal(StandardHost.java:845) [tomcat-embed-core-10.1.20.jar:10.1.20]
	at org.apache.catalina.util.LifecycleBase.start(LifecycleBase.java:171) [tomcat-embed-core-10.1.20.jar:10.1.20]
	at org.apache.catalina.core.ContainerBase$StartChild.call(ContainerBase.java:1332) [tomcat-embed-core-10.1.20.jar:10.1.20]
	at org.apache.catalina.core.ContainerBase$StartChild.call(ContainerBase.java:1322) [tomcat-embed-core-10.1.20.jar:10.1.20]
	at java.base/java.util.concurrent.FutureTask.run(FutureTask.java:317) [?:?]
	at org.apache.tomcat.util.threads.InlineExecutorService.execute(InlineExecutorService.java:75) [tomcat-embed-core-10.1.20.jar:10.1.20]
	at java.base/java.util.concurrent.AbstractExecutorService.submit(AbstractExecutorService.java:145) [?:?]
	at org.apache.catalina.core.ContainerBase.startInternal(ContainerBase.java:866) [tomcat-embed-core-10.1.20.jar:10.1.20]
	at org.apache.catalina.core.StandardEngine.startInternal(StandardEngine.java:240) [tomcat-embed-core-10.1.20.jar:10.1.20]
	at org.apache.catalina.util.LifecycleBase.start(LifecycleBase.java:171) [tomcat-embed-core-10.1.20.jar:10.1.20]
	at org.apache.catalina.core.StandardService.startInternal(StandardService.java:433) [tomcat-embed-core-10.1.20.jar:10.1.20]
	at org.apache.catalina.util.LifecycleBase.start(LifecycleBase.java:171) [tomcat-embed-core-10.1.20.jar:10.1.20]
	at org.apache.catalina.core.StandardServer.startInternal(StandardServer.java:921) [tomcat-embed-core-10.1.20.jar:10.1.20]
	at org.apache.catalina.util.LifecycleBase.start(LifecycleBase.java:171) [tomcat-embed-core-10.1.20.jar:10.1.20]
	at org.apache.catalina.startup.Tomcat.start(Tomcat.java:437) [tomcat-embed-core-10.1.20.jar:10.1.20]
	at org.springframework.boot.web.embedded.tomcat.TomcatWebServer.initialize(TomcatWebServer.java:126) [spring-boot-3.2.5.jar:3.2.5]
	at org.springframework.boot.web.embedded.tomcat.TomcatWebServer.<init>(TomcatWebServer.java:105) [spring-boot-3.2.5.jar:3.2.5]
	at org.springframework.boot.web.embedded.tomcat.TomcatServletWebServerFactory.getTomcatWebServer(TomcatServletWebServerFactory.java:499) [spring-boot-3.2.5.jar:3.2.5]
	at org.springframework.boot.web.embedded.tomcat.TomcatServletWebServerFactory.getWebServer(TomcatServletWebServerFactory.java:218) [spring-boot-3.2.5.jar:3.2.5]
	at org.springframework.boot.web.servlet.context.ServletWebServerApplicationContext.createWebServer(ServletWebServerApplicationContext.java:188) [spring-boot-3.2.5.jar:3.2.5]
	at org.springframework.boot.web.servlet.context.ServletWebServerApplicationContext.onRefresh(ServletWebServerApplicationContext.java:162) [spring-boot-3.2.5.jar:3.2.5]
	at org.springframework.context.support.AbstractApplicationContext.refresh(AbstractApplicationContext.java:618) [spring-context-6.1.6.jar:6.1.6]
	at org.springframework.boot.web.servlet.context.ServletWebServerApplicationContext.refresh(ServletWebServerApplicationContext.java:146) [spring-boot-3.2.5.jar:3.2.5]
	at org.springframework.boot.SpringApplication.refresh(SpringApplication.java:754) [spring-boot-3.2.5.jar:3.2.5]
	at org.springframework.boot.SpringApplication.refreshContext(SpringApplication.java:456) [spring-boot-3.2.5.jar:3.2.5]
	at org.springframework.boot.SpringApplication.run(SpringApplication.java:334) [spring-boot-3.2.5.jar:3.2.5]
	at org.springframework.boot.SpringApplication.run(SpringApplication.java:1354) [spring-boot-3.2.5.jar:3.2.5]
	at org.springframework.boot.SpringApplication.run(SpringApplication.java:1343) [spring-boot-3.2.5.jar:3.2.5]
	at asm.java5Nhom6.Lab21Application.main(Lab21Application.java:10) [classes/:?]
	at java.base/jdk.internal.reflect.DirectMethodHandleAccessor.invoke(DirectMethodHandleAccessor.java:103) ~[?:?]
	at java.base/java.lang.reflect.Method.invoke(Method.java:580) ~[?:?]
	at org.springframework.boot.devtools.restart.RestartLauncher.run(RestartLauncher.java:50) [spring-boot-devtools-3.2.5.jar:3.2.5]
2024-06-17 13:15:32,661 INFO o.a.j.s.TldScanner [restartedMain] At least one JAR was scanned for TLDs yet contained no TLDs. Enable debug logging for this logger for a complete list of JARs that were scanned but no TLDs were found in them. Skipping unneeded JARs during scanning can improve startup time and JSP compilation time.
2024-06-17 13:15:32,677 INFO o.a.c.c.C.[.[.[/] [restartedMain] Initializing Spring embedded WebApplicationContext
2024-06-17 13:15:32,834 INFO o.h.j.i.u.LogHelper [restartedMain] HHH000204: Processing PersistenceUnitInfo [name: default]
2024-06-17 13:15:32,882 INFO o.h.Version [restartedMain] HHH000412: Hibernate ORM core version 6.4.4.Final
2024-06-17 13:15:32,914 INFO o.h.c.i.RegionFactoryInitiator [restartedMain] HHH000026: Second-level cache disabled
2024-06-17 13:15:33,107 INFO o.s.o.j.p.SpringPersistenceUnitInfo [restartedMain] No LoadTimeWeaver setup: ignoring JPA class transformer
2024-06-17 13:15:33,140 INFO c.z.h.HikariDataSource [restartedMain] HikariPool-1 - Starting...
2024-06-17 13:15:33,421 INFO c.z.h.p.HikariPool [restartedMain] HikariPool-1 - Added connection ConnectionID:1 ClientConnectionId: 9116ea99-4570-4207-92ea-c59a69449c45
2024-06-17 13:15:33,421 INFO c.z.h.HikariDataSource [restartedMain] HikariPool-1 - Start completed.
2024-06-17 13:15:33,449 WARN o.h.o.deprecation [restartedMain] HHH90000025: SQLServerDialect does not need to be specified explicitly using 'hibernate.dialect' (remove the property setting and it will be selected by default)
2024-06-17 13:15:34,586 INFO o.h.e.t.j.p.i.JtaPlatformInitiator [restartedMain] HHH000489: No JTA platform available (set 'hibernate.transaction.jta.platform' to enable JTA platform integration)
2024-06-17 13:15:34,590 INFO o.s.o.j.LocalContainerEntityManagerFactoryBean [restartedMain] Initialized JPA EntityManagerFactory for persistence unit 'default'
2024-06-17 13:15:34,871 INFO o.s.d.j.r.q.QueryEnhancerFactory [restartedMain] Hibernate is in classpath; If applicable, HQL parser will be used.
2024-06-17 13:15:36,323 INFO o.a.c.h.Http11NioProtocol [restartedMain] Starting ProtocolHandler ["http-nio-8080"]
2024-06-17 13:15:36,355 INFO a.j.Lab21Application [restartedMain] Started Lab21Application in 5.865 seconds (process running for 7.249)
2024-06-17 13:15:36,448 INFO o.a.c.c.C.[.[.[/] [http-nio-8080-exec-2] Initializing Spring DispatcherServlet 'dispatcherServlet'
2024-06-17 13:15:36,448 INFO o.s.w.s.DispatcherServlet [http-nio-8080-exec-2] Initializing Servlet 'dispatcherServlet'
2024-06-17 13:15:36,453 INFO o.s.w.s.DispatcherServlet [http-nio-8080-exec-2] Completed initialization in 3 ms
2024-06-17 13:15:42,425 WARN a.j.c.UsersController [http-nio-8080-exec-4] đăng nhập thất bại
2024-06-17 13:15:44,071 INFO a.j.c.UsersController [http-nio-8080-exec-4] tam3215 Đăng nhập thành công
2024-06-17 13:17:14,452 INFO a.j.c.UsersController [http-nio-8080-exec-1] tam3215 Đăng nhập thành công
2024-06-17 13:17:21,240 INFO a.j.c.CartController [http-nio-8080-exec-4] User: tam3215 thêm Product_Size_Color 66 vào giỏ hàng
2024-06-17 13:23:21,060 INFO o.a.c.h.Http11NioProtocol [RMI TCP Connection(11)-127.0.0.1] Stopping ProtocolHandler ["http-nio-8080"]
2024-06-17 13:23:22,025 INFO o.s.o.j.LocalContainerEntityManagerFactoryBean [RMI TCP Connection(11)-127.0.0.1] Closing JPA EntityManagerFactory for persistence unit 'default'
2024-06-17 13:23:22,029 INFO c.z.h.HikariDataSource [RMI TCP Connection(11)-127.0.0.1] HikariPool-1 - Shutdown initiated...
2024-06-17 13:23:22,065 INFO c.z.h.HikariDataSource [RMI TCP Connection(11)-127.0.0.1] HikariPool-1 - Shutdown completed.
2024-06-17 13:34:10,536 INFO a.j.Lab21Application [restartedMain] Starting Lab21Application using Java 21.0.2 with PID 14072 (C:\FPT Polytechnic\Java5\MyDieuApp\target\classes started by Asus in C:\FPT Polytechnic\Java5\MyDieuApp)
2024-06-17 13:34:10,546 DEBUG a.j.Lab21Application [restartedMain] Running with Spring Boot v3.2.5, Spring v6.1.6
2024-06-17 13:34:10,548 INFO a.j.Lab21Application [restartedMain] No active profile set, falling back to 1 default profile: "default"
2024-06-17 13:34:11,244 INFO o.s.d.r.c.RepositoryConfigurationDelegate [restartedMain] Bootstrapping Spring Data JPA repositories in DEFAULT mode.
2024-06-17 13:34:11,356 INFO o.s.d.r.c.RepositoryConfigurationDelegate [restartedMain] Finished Spring Data repository scanning in 101 ms. Found 16 JPA repository interfaces.
2024-06-17 13:34:12,082 INFO o.a.c.h.Http11NioProtocol [restartedMain] Initializing ProtocolHandler ["http-nio-8080"]
2024-06-17 13:34:12,085 INFO o.a.c.c.StandardService [restartedMain] Starting service [Tomcat]
2024-06-17 13:34:12,087 INFO o.a.c.c.StandardEngine [restartedMain] Starting Servlet engine: [Apache Tomcat/10.1.20]
2024-06-17 13:34:12,370 WARN o.a.t.u.s.StandardJarScanner [restartedMain] Failed to scan [file:/C:/Users/Asus/.m2/repository/xalan/xalan/2.7.2/serializer.jar] from classloader hierarchy
java.nio.file.NoSuchFileException: C:\Users\Asus\.m2\repository\xalan\xalan\2.7.2\serializer.jar
	at java.base/sun.nio.fs.WindowsException.translateToIOException(WindowsException.java:85) ~[?:?]
	at java.base/sun.nio.fs.WindowsException.rethrowAsIOException(WindowsException.java:103) ~[?:?]
	at java.base/sun.nio.fs.WindowsException.rethrowAsIOException(WindowsException.java:108) ~[?:?]
	at java.base/sun.nio.fs.WindowsFileAttributeViews$Basic.readAttributes(WindowsFileAttributeViews.java:53) ~[?:?]
	at java.base/sun.nio.fs.WindowsFileAttributeViews$Basic.readAttributes(WindowsFileAttributeViews.java:38) ~[?:?]
	at java.base/sun.nio.fs.WindowsFileSystemProvider.readAttributes(WindowsFileSystemProvider.java:197) ~[?:?]
	at java.base/java.nio.file.Files.readAttributes(Files.java:1853) ~[?:?]
	at java.base/java.util.zip.ZipFile$Source.get(ZipFile.java:1445) ~[?:?]
	at java.base/java.util.zip.ZipFile$CleanableResource.<init>(ZipFile.java:724) ~[?:?]
	at java.base/java.util.zip.ZipFile.<init>(ZipFile.java:251) ~[?:?]
	at java.base/java.util.zip.ZipFile.<init>(ZipFile.java:180) ~[?:?]
	at java.base/java.util.jar.JarFile.<init>(JarFile.java:345) ~[?:?]
	at org.apache.tomcat.util.scan.JarFileUrlJar.<init>(JarFileUrlJar.java:65) ~[tomcat-embed-core-10.1.20.jar:10.1.20]
	at org.apache.tomcat.util.scan.JarFactory.newInstance(JarFactory.java:49) ~[tomcat-embed-core-10.1.20.jar:10.1.20]
	at org.apache.tomcat.util.scan.StandardJarScanner.process(StandardJarScanner.java:397) ~[tomcat-embed-core-10.1.20.jar:10.1.20]
	at org.apache.tomcat.util.scan.StandardJarScanner.processURLs(StandardJarScanner.java:332) [tomcat-embed-core-10.1.20.jar:10.1.20]
	at org.apache.tomcat.util.scan.StandardJarScanner.doScanClassPath(StandardJarScanner.java:297) [tomcat-embed-core-10.1.20.jar:10.1.20]
	at org.apache.tomcat.util.scan.StandardJarScanner.scan(StandardJarScanner.java:238) [tomcat-embed-core-10.1.20.jar:10.1.20]
	at org.apache.jasper.servlet.TldScanner.scanJars(TldScanner.java:262) [tomcat-embed-jasper-10.1.20.jar:10.1.20]
	at org.apache.jasper.servlet.TldScanner.scan(TldScanner.java:104) [tomcat-embed-jasper-10.1.20.jar:10.1.20]
	at org.apache.jasper.servlet.JasperInitializer.onStartup(JasperInitializer.java:83) [tomcat-embed-jasper-10.1.20.jar:10.1.20]
	at org.apache.catalina.core.StandardContext.startInternal(StandardContext.java:4880) [tomcat-embed-core-10.1.20.jar:10.1.20]
	at org.apache.catalina.util.LifecycleBase.start(LifecycleBase.java:171) [tomcat-embed-core-10.1.20.jar:10.1.20]
	at org.apache.catalina.core.ContainerBase$StartChild.call(ContainerBase.java:1332) [tomcat-embed-core-10.1.20.jar:10.1.20]
	at org.apache.catalina.core.ContainerBase$StartChild.call(ContainerBase.java:1322) [tomcat-embed-core-10.1.20.jar:10.1.20]
	at java.base/java.util.concurrent.FutureTask.run(FutureTask.java:317) [?:?]
	at org.apache.tomcat.util.threads.InlineExecutorService.execute(InlineExecutorService.java:75) [tomcat-embed-core-10.1.20.jar:10.1.20]
	at java.base/java.util.concurrent.AbstractExecutorService.submit(AbstractExecutorService.java:145) [?:?]
	at org.apache.catalina.core.ContainerBase.startInternal(ContainerBase.java:866) [tomcat-embed-core-10.1.20.jar:10.1.20]
	at org.apache.catalina.core.StandardHost.startInternal(StandardHost.java:845) [tomcat-embed-core-10.1.20.jar:10.1.20]
	at org.apache.catalina.util.LifecycleBase.start(LifecycleBase.java:171) [tomcat-embed-core-10.1.20.jar:10.1.20]
	at org.apache.catalina.core.ContainerBase$StartChild.call(ContainerBase.java:1332) [tomcat-embed-core-10.1.20.jar:10.1.20]
	at org.apache.catalina.core.ContainerBase$StartChild.call(ContainerBase.java:1322) [tomcat-embed-core-10.1.20.jar:10.1.20]
	at java.base/java.util.concurrent.FutureTask.run(FutureTask.java:317) [?:?]
	at org.apache.tomcat.util.threads.InlineExecutorService.execute(InlineExecutorService.java:75) [tomcat-embed-core-10.1.20.jar:10.1.20]
	at java.base/java.util.concurrent.AbstractExecutorService.submit(AbstractExecutorService.java:145) [?:?]
	at org.apache.catalina.core.ContainerBase.startInternal(ContainerBase.java:866) [tomcat-embed-core-10.1.20.jar:10.1.20]
	at org.apache.catalina.core.StandardEngine.startInternal(StandardEngine.java:240) [tomcat-embed-core-10.1.20.jar:10.1.20]
	at org.apache.catalina.util.LifecycleBase.start(LifecycleBase.java:171) [tomcat-embed-core-10.1.20.jar:10.1.20]
	at org.apache.catalina.core.StandardService.startInternal(StandardService.java:433) [tomcat-embed-core-10.1.20.jar:10.1.20]
	at org.apache.catalina.util.LifecycleBase.start(LifecycleBase.java:171) [tomcat-embed-core-10.1.20.jar:10.1.20]
	at org.apache.catalina.core.StandardServer.startInternal(StandardServer.java:921) [tomcat-embed-core-10.1.20.jar:10.1.20]
	at org.apache.catalina.util.LifecycleBase.start(LifecycleBase.java:171) [tomcat-embed-core-10.1.20.jar:10.1.20]
	at org.apache.catalina.startup.Tomcat.start(Tomcat.java:437) [tomcat-embed-core-10.1.20.jar:10.1.20]
	at org.springframework.boot.web.embedded.tomcat.TomcatWebServer.initialize(TomcatWebServer.java:126) [spring-boot-3.2.5.jar:3.2.5]
	at org.springframework.boot.web.embedded.tomcat.TomcatWebServer.<init>(TomcatWebServer.java:105) [spring-boot-3.2.5.jar:3.2.5]
	at org.springframework.boot.web.embedded.tomcat.TomcatServletWebServerFactory.getTomcatWebServer(TomcatServletWebServerFactory.java:499) [spring-boot-3.2.5.jar:3.2.5]
	at org.springframework.boot.web.embedded.tomcat.TomcatServletWebServerFactory.getWebServer(TomcatServletWebServerFactory.java:218) [spring-boot-3.2.5.jar:3.2.5]
	at org.springframework.boot.web.servlet.context.ServletWebServerApplicationContext.createWebServer(ServletWebServerApplicationContext.java:188) [spring-boot-3.2.5.jar:3.2.5]
	at org.springframework.boot.web.servlet.context.ServletWebServerApplicationContext.onRefresh(ServletWebServerApplicationContext.java:162) [spring-boot-3.2.5.jar:3.2.5]
	at org.springframework.context.support.AbstractApplicationContext.refresh(AbstractApplicationContext.java:618) [spring-context-6.1.6.jar:6.1.6]
	at org.springframework.boot.web.servlet.context.ServletWebServerApplicationContext.refresh(ServletWebServerApplicationContext.java:146) [spring-boot-3.2.5.jar:3.2.5]
	at org.springframework.boot.SpringApplication.refresh(SpringApplication.java:754) [spring-boot-3.2.5.jar:3.2.5]
	at org.springframework.boot.SpringApplication.refreshContext(SpringApplication.java:456) [spring-boot-3.2.5.jar:3.2.5]
	at org.springframework.boot.SpringApplication.run(SpringApplication.java:334) [spring-boot-3.2.5.jar:3.2.5]
	at org.springframework.boot.SpringApplication.run(SpringApplication.java:1354) [spring-boot-3.2.5.jar:3.2.5]
	at org.springframework.boot.SpringApplication.run(SpringApplication.java:1343) [spring-boot-3.2.5.jar:3.2.5]
	at asm.java5Nhom6.Lab21Application.main(Lab21Application.java:10) [classes/:?]
	at java.base/jdk.internal.reflect.DirectMethodHandleAccessor.invoke(DirectMethodHandleAccessor.java:103) ~[?:?]
	at java.base/java.lang.reflect.Method.invoke(Method.java:580) ~[?:?]
	at org.springframework.boot.devtools.restart.RestartLauncher.run(RestartLauncher.java:50) [spring-boot-devtools-3.2.5.jar:3.2.5]
2024-06-17 13:34:12,379 INFO o.a.j.s.TldScanner [restartedMain] At least one JAR was scanned for TLDs yet contained no TLDs. Enable debug logging for this logger for a complete list of JARs that were scanned but no TLDs were found in them. Skipping unneeded JARs during scanning can improve startup time and JSP compilation time.
2024-06-17 13:34:12,391 INFO o.a.c.c.C.[.[.[/] [restartedMain] Initializing Spring embedded WebApplicationContext
2024-06-17 13:34:12,726 INFO o.h.j.i.u.LogHelper [restartedMain] HHH000204: Processing PersistenceUnitInfo [name: default]
2024-06-17 13:34:12,775 INFO o.h.Version [restartedMain] HHH000412: Hibernate ORM core version 6.4.4.Final
2024-06-17 13:34:12,803 INFO o.h.c.i.RegionFactoryInitiator [restartedMain] HHH000026: Second-level cache disabled
2024-06-17 13:34:12,994 INFO o.s.o.j.p.SpringPersistenceUnitInfo [restartedMain] No LoadTimeWeaver setup: ignoring JPA class transformer
2024-06-17 13:34:13,025 INFO c.z.h.HikariDataSource [restartedMain] HikariPool-1 - Starting...
2024-06-17 13:34:13,304 INFO c.z.h.p.HikariPool [restartedMain] HikariPool-1 - Added connection ConnectionID:1 ClientConnectionId: 6b9a2d51-9ee4-4fa3-bbe5-d9ac71224828
2024-06-17 13:34:13,306 INFO c.z.h.HikariDataSource [restartedMain] HikariPool-1 - Start completed.
2024-06-17 13:34:13,336 WARN o.h.o.deprecation [restartedMain] HHH90000025: SQLServerDialect does not need to be specified explicitly using 'hibernate.dialect' (remove the property setting and it will be selected by default)
2024-06-17 13:34:14,833 INFO o.h.e.t.j.p.i.JtaPlatformInitiator [restartedMain] HHH000489: No JTA platform available (set 'hibernate.transaction.jta.platform' to enable JTA platform integration)
2024-06-17 13:34:14,839 INFO o.s.o.j.LocalContainerEntityManagerFactoryBean [restartedMain] Initialized JPA EntityManagerFactory for persistence unit 'default'
2024-06-17 13:34:15,127 INFO o.s.d.j.r.q.QueryEnhancerFactory [restartedMain] Hibernate is in classpath; If applicable, HQL parser will be used.
2024-06-17 13:34:16,771 INFO o.a.c.h.Http11NioProtocol [restartedMain] Starting ProtocolHandler ["http-nio-8080"]
2024-06-17 13:34:16,812 INFO a.j.Lab21Application [restartedMain] Started Lab21Application in 6.588 seconds (process running for 7.662)
2024-06-17 13:52:27,285 INFO o.a.c.h.Http11NioProtocol [RMI TCP Connection(22)-127.0.0.1] Stopping ProtocolHandler ["http-nio-8080"]
2024-06-17 13:52:27,293 INFO o.s.o.j.LocalContainerEntityManagerFactoryBean [RMI TCP Connection(22)-127.0.0.1] Closing JPA EntityManagerFactory for persistence unit 'default'
2024-06-17 13:52:27,308 INFO c.z.h.HikariDataSource [RMI TCP Connection(22)-127.0.0.1] HikariPool-1 - Shutdown initiated...
2024-06-17 13:52:27,308 INFO c.z.h.HikariDataSource [RMI TCP Connection(22)-127.0.0.1] HikariPool-1 - Shutdown completed.
2024-07-19 12:32:25,695 INFO a.j.Lab21Application [restartedMain] Starting Lab21Application using Java 21.0.2 with PID 21644 (C:\FPT Polytechnic\Java5\MyDieuApp\target\classes started by Asus in C:\FPT Polytechnic\Java5\MyDieuApp)
2024-07-19 12:32:25,709 DEBUG a.j.Lab21Application [restartedMain] Running with Spring Boot v3.2.5, Spring v6.1.6
2024-07-19 12:32:25,710 INFO a.j.Lab21Application [restartedMain] No active profile set, falling back to 1 default profile: "default"
2024-07-19 12:32:27,515 INFO o.s.d.r.c.RepositoryConfigurationDelegate [restartedMain] Bootstrapping Spring Data JPA repositories in DEFAULT mode.
2024-07-19 12:32:27,652 INFO o.s.d.r.c.RepositoryConfigurationDelegate [restartedMain] Finished Spring Data repository scanning in 108 ms. Found 16 JPA repository interfaces.
2024-07-19 12:32:28,413 INFO o.a.c.h.Http11NioProtocol [restartedMain] Initializing ProtocolHandler ["http-nio-8080"]
2024-07-19 12:32:28,416 INFO o.a.c.c.StandardService [restartedMain] Starting service [Tomcat]
2024-07-19 12:32:28,416 INFO o.a.c.c.StandardEngine [restartedMain] Starting Servlet engine: [Apache Tomcat/10.1.20]
2024-07-19 12:32:28,798 WARN o.a.t.u.s.StandardJarScanner [restartedMain] Failed to scan [file:/C:/Users/Asus/.m2/repository/xalan/xalan/2.7.2/serializer.jar] from classloader hierarchy
java.nio.file.NoSuchFileException: C:\Users\Asus\.m2\repository\xalan\xalan\2.7.2\serializer.jar
	at java.base/sun.nio.fs.WindowsException.translateToIOException(WindowsException.java:85) ~[?:?]
	at java.base/sun.nio.fs.WindowsException.rethrowAsIOException(WindowsException.java:103) ~[?:?]
	at java.base/sun.nio.fs.WindowsException.rethrowAsIOException(WindowsException.java:108) ~[?:?]
	at java.base/sun.nio.fs.WindowsFileAttributeViews$Basic.readAttributes(WindowsFileAttributeViews.java:53) ~[?:?]
	at java.base/sun.nio.fs.WindowsFileAttributeViews$Basic.readAttributes(WindowsFileAttributeViews.java:38) ~[?:?]
	at java.base/sun.nio.fs.WindowsFileSystemProvider.readAttributes(WindowsFileSystemProvider.java:197) ~[?:?]
	at java.base/java.nio.file.Files.readAttributes(Files.java:1853) ~[?:?]
	at java.base/java.util.zip.ZipFile$Source.get(ZipFile.java:1445) ~[?:?]
	at java.base/java.util.zip.ZipFile$CleanableResource.<init>(ZipFile.java:724) ~[?:?]
	at java.base/java.util.zip.ZipFile.<init>(ZipFile.java:251) ~[?:?]
	at java.base/java.util.zip.ZipFile.<init>(ZipFile.java:180) ~[?:?]
	at java.base/java.util.jar.JarFile.<init>(JarFile.java:345) ~[?:?]
	at org.apache.tomcat.util.scan.JarFileUrlJar.<init>(JarFileUrlJar.java:65) ~[tomcat-embed-core-10.1.20.jar:10.1.20]
	at org.apache.tomcat.util.scan.JarFactory.newInstance(JarFactory.java:49) ~[tomcat-embed-core-10.1.20.jar:10.1.20]
	at org.apache.tomcat.util.scan.StandardJarScanner.process(StandardJarScanner.java:397) ~[tomcat-embed-core-10.1.20.jar:10.1.20]
	at org.apache.tomcat.util.scan.StandardJarScanner.processURLs(StandardJarScanner.java:332) [tomcat-embed-core-10.1.20.jar:10.1.20]
	at org.apache.tomcat.util.scan.StandardJarScanner.doScanClassPath(StandardJarScanner.java:297) [tomcat-embed-core-10.1.20.jar:10.1.20]
	at org.apache.tomcat.util.scan.StandardJarScanner.scan(StandardJarScanner.java:238) [tomcat-embed-core-10.1.20.jar:10.1.20]
	at org.apache.jasper.servlet.TldScanner.scanJars(TldScanner.java:262) [tomcat-embed-jasper-10.1.20.jar:10.1.20]
	at org.apache.jasper.servlet.TldScanner.scan(TldScanner.java:104) [tomcat-embed-jasper-10.1.20.jar:10.1.20]
	at org.apache.jasper.servlet.JasperInitializer.onStartup(JasperInitializer.java:83) [tomcat-embed-jasper-10.1.20.jar:10.1.20]
	at org.apache.catalina.core.StandardContext.startInternal(StandardContext.java:4880) [tomcat-embed-core-10.1.20.jar:10.1.20]
	at org.apache.catalina.util.LifecycleBase.start(LifecycleBase.java:171) [tomcat-embed-core-10.1.20.jar:10.1.20]
	at org.apache.catalina.core.ContainerBase$StartChild.call(ContainerBase.java:1332) [tomcat-embed-core-10.1.20.jar:10.1.20]
	at org.apache.catalina.core.ContainerBase$StartChild.call(ContainerBase.java:1322) [tomcat-embed-core-10.1.20.jar:10.1.20]
	at java.base/java.util.concurrent.FutureTask.run(FutureTask.java:317) [?:?]
	at org.apache.tomcat.util.threads.InlineExecutorService.execute(InlineExecutorService.java:75) [tomcat-embed-core-10.1.20.jar:10.1.20]
	at java.base/java.util.concurrent.AbstractExecutorService.submit(AbstractExecutorService.java:145) [?:?]
	at org.apache.catalina.core.ContainerBase.startInternal(ContainerBase.java:866) [tomcat-embed-core-10.1.20.jar:10.1.20]
	at org.apache.catalina.core.StandardHost.startInternal(StandardHost.java:845) [tomcat-embed-core-10.1.20.jar:10.1.20]
	at org.apache.catalina.util.LifecycleBase.start(LifecycleBase.java:171) [tomcat-embed-core-10.1.20.jar:10.1.20]
	at org.apache.catalina.core.ContainerBase$StartChild.call(ContainerBase.java:1332) [tomcat-embed-core-10.1.20.jar:10.1.20]
	at org.apache.catalina.core.ContainerBase$StartChild.call(ContainerBase.java:1322) [tomcat-embed-core-10.1.20.jar:10.1.20]
	at java.base/java.util.concurrent.FutureTask.run(FutureTask.java:317) [?:?]
	at org.apache.tomcat.util.threads.InlineExecutorService.execute(InlineExecutorService.java:75) [tomcat-embed-core-10.1.20.jar:10.1.20]
	at java.base/java.util.concurrent.AbstractExecutorService.submit(AbstractExecutorService.java:145) [?:?]
	at org.apache.catalina.core.ContainerBase.startInternal(ContainerBase.java:866) [tomcat-embed-core-10.1.20.jar:10.1.20]
	at org.apache.catalina.core.StandardEngine.startInternal(StandardEngine.java:240) [tomcat-embed-core-10.1.20.jar:10.1.20]
	at org.apache.catalina.util.LifecycleBase.start(LifecycleBase.java:171) [tomcat-embed-core-10.1.20.jar:10.1.20]
	at org.apache.catalina.core.StandardService.startInternal(StandardService.java:433) [tomcat-embed-core-10.1.20.jar:10.1.20]
	at org.apache.catalina.util.LifecycleBase.start(LifecycleBase.java:171) [tomcat-embed-core-10.1.20.jar:10.1.20]
	at org.apache.catalina.core.StandardServer.startInternal(StandardServer.java:921) [tomcat-embed-core-10.1.20.jar:10.1.20]
	at org.apache.catalina.util.LifecycleBase.start(LifecycleBase.java:171) [tomcat-embed-core-10.1.20.jar:10.1.20]
	at org.apache.catalina.startup.Tomcat.start(Tomcat.java:437) [tomcat-embed-core-10.1.20.jar:10.1.20]
	at org.springframework.boot.web.embedded.tomcat.TomcatWebServer.initialize(TomcatWebServer.java:126) [spring-boot-3.2.5.jar:3.2.5]
	at org.springframework.boot.web.embedded.tomcat.TomcatWebServer.<init>(TomcatWebServer.java:105) [spring-boot-3.2.5.jar:3.2.5]
	at org.springframework.boot.web.embedded.tomcat.TomcatServletWebServerFactory.getTomcatWebServer(TomcatServletWebServerFactory.java:499) [spring-boot-3.2.5.jar:3.2.5]
	at org.springframework.boot.web.embedded.tomcat.TomcatServletWebServerFactory.getWebServer(TomcatServletWebServerFactory.java:218) [spring-boot-3.2.5.jar:3.2.5]
	at org.springframework.boot.web.servlet.context.ServletWebServerApplicationContext.createWebServer(ServletWebServerApplicationContext.java:188) [spring-boot-3.2.5.jar:3.2.5]
	at org.springframework.boot.web.servlet.context.ServletWebServerApplicationContext.onRefresh(ServletWebServerApplicationContext.java:162) [spring-boot-3.2.5.jar:3.2.5]
	at org.springframework.context.support.AbstractApplicationContext.refresh(AbstractApplicationContext.java:618) [spring-context-6.1.6.jar:6.1.6]
	at org.springframework.boot.web.servlet.context.ServletWebServerApplicationContext.refresh(ServletWebServerApplicationContext.java:146) [spring-boot-3.2.5.jar:3.2.5]
	at org.springframework.boot.SpringApplication.refresh(SpringApplication.java:754) [spring-boot-3.2.5.jar:3.2.5]
	at org.springframework.boot.SpringApplication.refreshContext(SpringApplication.java:456) [spring-boot-3.2.5.jar:3.2.5]
	at org.springframework.boot.SpringApplication.run(SpringApplication.java:334) [spring-boot-3.2.5.jar:3.2.5]
	at org.springframework.boot.SpringApplication.run(SpringApplication.java:1354) [spring-boot-3.2.5.jar:3.2.5]
	at org.springframework.boot.SpringApplication.run(SpringApplication.java:1343) [spring-boot-3.2.5.jar:3.2.5]
	at asm.java5Nhom6.Lab21Application.main(Lab21Application.java:10) [classes/:?]
	at java.base/jdk.internal.reflect.DirectMethodHandleAccessor.invoke(DirectMethodHandleAccessor.java:103) ~[?:?]
	at java.base/java.lang.reflect.Method.invoke(Method.java:580) ~[?:?]
	at org.springframework.boot.devtools.restart.RestartLauncher.run(RestartLauncher.java:50) [spring-boot-devtools-3.2.5.jar:3.2.5]
2024-07-19 12:32:28,820 INFO o.a.j.s.TldScanner [restartedMain] At least one JAR was scanned for TLDs yet contained no TLDs. Enable debug logging for this logger for a complete list of JARs that were scanned but no TLDs were found in them. Skipping unneeded JARs during scanning can improve startup time and JSP compilation time.
2024-07-19 12:32:28,844 INFO o.a.c.c.C.[.[.[/] [restartedMain] Initializing Spring embedded WebApplicationContext
2024-07-19 12:32:29,075 INFO o.h.j.i.u.LogHelper [restartedMain] HHH000204: Processing PersistenceUnitInfo [name: default]
2024-07-19 12:32:29,168 INFO o.h.Version [restartedMain] HHH000412: Hibernate ORM core version 6.4.4.Final
2024-07-19 12:32:29,220 INFO o.h.c.i.RegionFactoryInitiator [restartedMain] HHH000026: Second-level cache disabled
2024-07-19 12:32:29,561 INFO o.s.o.j.p.SpringPersistenceUnitInfo [restartedMain] No LoadTimeWeaver setup: ignoring JPA class transformer
2024-07-19 12:32:29,607 INFO c.z.h.HikariDataSource [restartedMain] HikariPool-1 - Starting...
2024-07-19 12:32:29,959 INFO c.z.h.p.HikariPool [restartedMain] HikariPool-1 - Added connection ConnectionID:1 ClientConnectionId: 6754b14d-a466-4cea-ae5d-8a4cf6f4d1f9
2024-07-19 12:32:29,960 INFO c.z.h.HikariDataSource [restartedMain] HikariPool-1 - Start completed.
2024-07-19 12:32:30,006 WARN o.h.o.deprecation [restartedMain] HHH90000025: SQLServerDialect does not need to be specified explicitly using 'hibernate.dialect' (remove the property setting and it will be selected by default)
2024-07-19 12:32:31,528 INFO o.h.e.t.j.p.i.JtaPlatformInitiator [restartedMain] HHH000489: No JTA platform available (set 'hibernate.transaction.jta.platform' to enable JTA platform integration)
2024-07-19 12:32:31,534 INFO o.s.o.j.LocalContainerEntityManagerFactoryBean [restartedMain] Initialized JPA EntityManagerFactory for persistence unit 'default'
2024-07-19 12:32:31,817 INFO o.s.d.j.r.q.QueryEnhancerFactory [restartedMain] Hibernate is in classpath; If applicable, HQL parser will be used.
2024-07-19 12:32:33,717 INFO o.a.c.h.Http11NioProtocol [restartedMain] Starting ProtocolHandler ["http-nio-8080"]
2024-07-19 12:32:33,759 INFO a.j.Lab21Application [restartedMain] Started Lab21Application in 8.706 seconds (process running for 10.302)
2024-07-19 12:32:44,618 INFO o.a.c.c.C.[.[.[/] [http-nio-8080-exec-2] Initializing Spring DispatcherServlet 'dispatcherServlet'
2024-07-19 12:32:44,619 INFO o.s.w.s.DispatcherServlet [http-nio-8080-exec-2] Initializing Servlet 'dispatcherServlet'
2024-07-19 12:32:44,620 INFO o.s.w.s.DispatcherServlet [http-nio-8080-exec-2] Completed initialization in 0 ms
2024-07-19 12:33:05,734 WARN a.j.c.UsersController [http-nio-8080-exec-10] đăng nhập thất bại
2024-07-19 12:33:08,346 INFO a.j.c.UsersController [http-nio-8080-exec-10] tam3215 Đăng nhập thành công
2024-07-19 12:33:33,628 INFO o.a.c.h.Http11Processor [http-nio-8080-exec-2] Error parsing HTTP request header
 Note: further occurrences of HTTP request parsing errors will be logged at DEBUG level.
java.lang.IllegalArgumentException: Invalid character found in the request target [/gio-hang?[%222%22] ]. The valid characters are defined in RFC 7230 and RFC 3986
	at org.apache.coyote.http11.Http11InputBuffer.parseRequestLine(Http11InputBuffer.java:482) ~[tomcat-embed-core-10.1.20.jar:10.1.20]
	at org.apache.coyote.http11.Http11Processor.service(Http11Processor.java:264) ~[tomcat-embed-core-10.1.20.jar:10.1.20]
	at org.apache.coyote.AbstractProcessorLight.process(AbstractProcessorLight.java:63) ~[tomcat-embed-core-10.1.20.jar:10.1.20]
	at org.apache.coyote.AbstractProtocol$ConnectionHandler.process(AbstractProtocol.java:896) ~[tomcat-embed-core-10.1.20.jar:10.1.20]
	at org.apache.tomcat.util.net.NioEndpoint$SocketProcessor.doRun(NioEndpoint.java:1736) ~[tomcat-embed-core-10.1.20.jar:10.1.20]
	at org.apache.tomcat.util.net.SocketProcessorBase.run(SocketProcessorBase.java:52) ~[tomcat-embed-core-10.1.20.jar:10.1.20]
	at org.apache.tomcat.util.threads.ThreadPoolExecutor.runWorker(ThreadPoolExecutor.java:1191) ~[tomcat-embed-core-10.1.20.jar:10.1.20]
	at org.apache.tomcat.util.threads.ThreadPoolExecutor$Worker.run(ThreadPoolExecutor.java:659) ~[tomcat-embed-core-10.1.20.jar:10.1.20]
	at org.apache.tomcat.util.threads.TaskThread$WrappingRunnable.run(TaskThread.java:63) ~[tomcat-embed-core-10.1.20.jar:10.1.20]
	at java.base/java.lang.Thread.run(Thread.java:1583) [?:?]
2024-07-19 12:33:34,663 INFO o.a.c.h.Http11Processor [http-nio-8080-exec-9] Error parsing HTTP request header
 Note: further occurrences of HTTP request parsing errors will be logged at DEBUG level.
java.lang.IllegalArgumentException: Invalid character found in the request target [/gio-hang?[] ]. The valid characters are defined in RFC 7230 and RFC 3986
	at org.apache.coyote.http11.Http11InputBuffer.parseRequestLine(Http11InputBuffer.java:482) ~[tomcat-embed-core-10.1.20.jar:10.1.20]
	at org.apache.coyote.http11.Http11Processor.service(Http11Processor.java:264) ~[tomcat-embed-core-10.1.20.jar:10.1.20]
	at org.apache.coyote.AbstractProcessorLight.process(AbstractProcessorLight.java:63) ~[tomcat-embed-core-10.1.20.jar:10.1.20]
	at org.apache.coyote.AbstractProtocol$ConnectionHandler.process(AbstractProtocol.java:896) ~[tomcat-embed-core-10.1.20.jar:10.1.20]
	at org.apache.tomcat.util.net.NioEndpoint$SocketProcessor.doRun(NioEndpoint.java:1736) ~[tomcat-embed-core-10.1.20.jar:10.1.20]
	at org.apache.tomcat.util.net.SocketProcessorBase.run(SocketProcessorBase.java:52) ~[tomcat-embed-core-10.1.20.jar:10.1.20]
	at org.apache.tomcat.util.threads.ThreadPoolExecutor.runWorker(ThreadPoolExecutor.java:1191) ~[tomcat-embed-core-10.1.20.jar:10.1.20]
	at org.apache.tomcat.util.threads.ThreadPoolExecutor$Worker.run(ThreadPoolExecutor.java:659) ~[tomcat-embed-core-10.1.20.jar:10.1.20]
	at org.apache.tomcat.util.threads.TaskThread$WrappingRunnable.run(TaskThread.java:63) ~[tomcat-embed-core-10.1.20.jar:10.1.20]
	at java.base/java.lang.Thread.run(Thread.java:1583) [?:?]
2024-07-19 12:33:35,608 INFO o.a.c.h.Http11Processor [http-nio-8080-exec-1] Error parsing HTTP request header
 Note: further occurrences of HTTP request parsing errors will be logged at DEBUG level.
java.lang.IllegalArgumentException: Invalid character found in the request target [/gio-hang?[%222%22] ]. The valid characters are defined in RFC 7230 and RFC 3986
	at org.apache.coyote.http11.Http11InputBuffer.parseRequestLine(Http11InputBuffer.java:482) ~[tomcat-embed-core-10.1.20.jar:10.1.20]
	at org.apache.coyote.http11.Http11Processor.service(Http11Processor.java:264) ~[tomcat-embed-core-10.1.20.jar:10.1.20]
	at org.apache.coyote.AbstractProcessorLight.process(AbstractProcessorLight.java:63) ~[tomcat-embed-core-10.1.20.jar:10.1.20]
	at org.apache.coyote.AbstractProtocol$ConnectionHandler.process(AbstractProtocol.java:896) ~[tomcat-embed-core-10.1.20.jar:10.1.20]
	at org.apache.tomcat.util.net.NioEndpoint$SocketProcessor.doRun(NioEndpoint.java:1736) ~[tomcat-embed-core-10.1.20.jar:10.1.20]
	at org.apache.tomcat.util.net.SocketProcessorBase.run(SocketProcessorBase.java:52) ~[tomcat-embed-core-10.1.20.jar:10.1.20]
	at org.apache.tomcat.util.threads.ThreadPoolExecutor.runWorker(ThreadPoolExecutor.java:1191) ~[tomcat-embed-core-10.1.20.jar:10.1.20]
	at org.apache.tomcat.util.threads.ThreadPoolExecutor$Worker.run(ThreadPoolExecutor.java:659) ~[tomcat-embed-core-10.1.20.jar:10.1.20]
	at org.apache.tomcat.util.threads.TaskThread$WrappingRunnable.run(TaskThread.java:63) ~[tomcat-embed-core-10.1.20.jar:10.1.20]
	at java.base/java.lang.Thread.run(Thread.java:1583) [?:?]
2024-07-19 12:33:36,679 INFO o.a.c.h.Http11Processor [http-nio-8080-exec-8] Error parsing HTTP request header
 Note: further occurrences of HTTP request parsing errors will be logged at DEBUG level.
java.lang.IllegalArgumentException: Invalid character found in the request target [/gio-hang?[%222%22,%223%22] ]. The valid characters are defined in RFC 7230 and RFC 3986
	at org.apache.coyote.http11.Http11InputBuffer.parseRequestLine(Http11InputBuffer.java:482) ~[tomcat-embed-core-10.1.20.jar:10.1.20]
	at org.apache.coyote.http11.Http11Processor.service(Http11Processor.java:264) ~[tomcat-embed-core-10.1.20.jar:10.1.20]
	at org.apache.coyote.AbstractProcessorLight.process(AbstractProcessorLight.java:63) ~[tomcat-embed-core-10.1.20.jar:10.1.20]
	at org.apache.coyote.AbstractProtocol$ConnectionHandler.process(AbstractProtocol.java:896) ~[tomcat-embed-core-10.1.20.jar:10.1.20]
	at org.apache.tomcat.util.net.NioEndpoint$SocketProcessor.doRun(NioEndpoint.java:1736) ~[tomcat-embed-core-10.1.20.jar:10.1.20]
	at org.apache.tomcat.util.net.SocketProcessorBase.run(SocketProcessorBase.java:52) ~[tomcat-embed-core-10.1.20.jar:10.1.20]
	at org.apache.tomcat.util.threads.ThreadPoolExecutor.runWorker(ThreadPoolExecutor.java:1191) ~[tomcat-embed-core-10.1.20.jar:10.1.20]
	at org.apache.tomcat.util.threads.ThreadPoolExecutor$Worker.run(ThreadPoolExecutor.java:659) ~[tomcat-embed-core-10.1.20.jar:10.1.20]
	at org.apache.tomcat.util.threads.TaskThread$WrappingRunnable.run(TaskThread.java:63) ~[tomcat-embed-core-10.1.20.jar:10.1.20]
	at java.base/java.lang.Thread.run(Thread.java:1583) [?:?]
2024-07-19 12:33:52,048 INFO o.a.c.h.Http11Processor [http-nio-8080-exec-10] Error parsing HTTP request header
 Note: further occurrences of HTTP request parsing errors will be logged at DEBUG level.
java.lang.IllegalArgumentException: Invalid character found in the request target [/gio-hang?[%225%22,%222%22] ]. The valid characters are defined in RFC 7230 and RFC 3986
	at org.apache.coyote.http11.Http11InputBuffer.parseRequestLine(Http11InputBuffer.java:482) ~[tomcat-embed-core-10.1.20.jar:10.1.20]
	at org.apache.coyote.http11.Http11Processor.service(Http11Processor.java:264) ~[tomcat-embed-core-10.1.20.jar:10.1.20]
	at org.apache.coyote.AbstractProcessorLight.process(AbstractProcessorLight.java:63) ~[tomcat-embed-core-10.1.20.jar:10.1.20]
	at org.apache.coyote.AbstractProtocol$ConnectionHandler.process(AbstractProtocol.java:896) ~[tomcat-embed-core-10.1.20.jar:10.1.20]
	at org.apache.tomcat.util.net.NioEndpoint$SocketProcessor.doRun(NioEndpoint.java:1736) ~[tomcat-embed-core-10.1.20.jar:10.1.20]
	at org.apache.tomcat.util.net.SocketProcessorBase.run(SocketProcessorBase.java:52) ~[tomcat-embed-core-10.1.20.jar:10.1.20]
	at org.apache.tomcat.util.threads.ThreadPoolExecutor.runWorker(ThreadPoolExecutor.java:1191) ~[tomcat-embed-core-10.1.20.jar:10.1.20]
	at org.apache.tomcat.util.threads.ThreadPoolExecutor$Worker.run(ThreadPoolExecutor.java:659) ~[tomcat-embed-core-10.1.20.jar:10.1.20]
	at org.apache.tomcat.util.threads.TaskThread$WrappingRunnable.run(TaskThread.java:63) ~[tomcat-embed-core-10.1.20.jar:10.1.20]
	at java.base/java.lang.Thread.run(Thread.java:1583) [?:?]
2024-07-19 12:33:59,340 INFO o.a.c.h.Http11Processor [http-nio-8080-exec-10] Error parsing HTTP request header
 Note: further occurrences of HTTP request parsing errors will be logged at DEBUG level.
java.lang.IllegalArgumentException: Invalid character found in the request target [/gio-hang?[%222%22,%221%22] ]. The valid characters are defined in RFC 7230 and RFC 3986
	at org.apache.coyote.http11.Http11InputBuffer.parseRequestLine(Http11InputBuffer.java:482) ~[tomcat-embed-core-10.1.20.jar:10.1.20]
	at org.apache.coyote.http11.Http11Processor.service(Http11Processor.java:264) ~[tomcat-embed-core-10.1.20.jar:10.1.20]
	at org.apache.coyote.AbstractProcessorLight.process(AbstractProcessorLight.java:63) ~[tomcat-embed-core-10.1.20.jar:10.1.20]
	at org.apache.coyote.AbstractProtocol$ConnectionHandler.process(AbstractProtocol.java:896) ~[tomcat-embed-core-10.1.20.jar:10.1.20]
	at org.apache.tomcat.util.net.NioEndpoint$SocketProcessor.doRun(NioEndpoint.java:1736) ~[tomcat-embed-core-10.1.20.jar:10.1.20]
	at org.apache.tomcat.util.net.SocketProcessorBase.run(SocketProcessorBase.java:52) ~[tomcat-embed-core-10.1.20.jar:10.1.20]
	at org.apache.tomcat.util.threads.ThreadPoolExecutor.runWorker(ThreadPoolExecutor.java:1191) ~[tomcat-embed-core-10.1.20.jar:10.1.20]
	at org.apache.tomcat.util.threads.ThreadPoolExecutor$Worker.run(ThreadPoolExecutor.java:659) ~[tomcat-embed-core-10.1.20.jar:10.1.20]
	at org.apache.tomcat.util.threads.TaskThread$WrappingRunnable.run(TaskThread.java:63) ~[tomcat-embed-core-10.1.20.jar:10.1.20]
	at java.base/java.lang.Thread.run(Thread.java:1583) [?:?]
2024-07-19 12:34:16,491 INFO a.j.c.CartController [http-nio-8080-exec-1] User: tam3215 thêm Product_Size_Color 1 vào giỏ hàng
2024-07-19 12:34:33,406 WARN o.h.e.j.s.SqlExceptionHelper [http-nio-8080-exec-9] SQL Error: 207, SQLState: S0001
2024-07-19 12:34:33,406 ERROR o.h.e.j.s.SqlExceptionHelper [http-nio-8080-exec-9] Invalid column name 'address'.
2024-07-19 12:34:33,415 ERROR o.a.c.c.C.[.[.[.[dispatcherServlet] [http-nio-8080-exec-9] Servlet.service() for servlet [dispatcherServlet] in context with path [] threw exception [Request processing failed: org.springframework.dao.InvalidDataAccessResourceUsageException: JDBC exception executing SQL [select o1_0.order_id,o1_0.address,o1_0.date,o1_0.status,o1_0.total_amount,o1_0.user_id from orders o1_0 where o1_0.user_id=?] [Invalid column name 'address'.] [n/a]; SQL [n/a]] with root cause
com.microsoft.sqlserver.jdbc.SQLServerException: Invalid column name 'address'.
	at com.microsoft.sqlserver.jdbc.SQLServerException.makeFromDatabaseError(SQLServerException.java:259) ~[mssql-jdbc-12.4.2.jre11.jar:?]
	at com.microsoft.sqlserver.jdbc.SQLServerStatement.getNextResult(SQLServerStatement.java:1695) ~[mssql-jdbc-12.4.2.jre11.jar:?]
	at com.microsoft.sqlserver.jdbc.SQLServerPreparedStatement.doExecutePreparedStatement(SQLServerPreparedStatement.java:648) ~[mssql-jdbc-12.4.2.jre11.jar:?]
	at com.microsoft.sqlserver.jdbc.SQLServerPreparedStatement$PrepStmtExecCmd.doExecute(SQLServerPreparedStatement.java:567) ~[mssql-jdbc-12.4.2.jre11.jar:?]
	at com.microsoft.sqlserver.jdbc.TDSCommand.execute(IOBuffer.java:7675) ~[mssql-jdbc-12.4.2.jre11.jar:?]
	at com.microsoft.sqlserver.jdbc.SQLServerConnection.executeCommand(SQLServerConnection.java:4137) ~[mssql-jdbc-12.4.2.jre11.jar:?]
	at com.microsoft.sqlserver.jdbc.SQLServerStatement.executeCommand(SQLServerStatement.java:272) ~[mssql-jdbc-12.4.2.jre11.jar:?]
	at com.microsoft.sqlserver.jdbc.SQLServerStatement.executeStatement(SQLServerStatement.java:246) ~[mssql-jdbc-12.4.2.jre11.jar:?]
	at com.microsoft.sqlserver.jdbc.SQLServerPreparedStatement.executeQuery(SQLServerPreparedStatement.java:485) ~[mssql-jdbc-12.4.2.jre11.jar:?]
	at com.zaxxer.hikari.pool.ProxyPreparedStatement.executeQuery(ProxyPreparedStatement.java:52) ~[HikariCP-5.0.1.jar:?]
	at com.zaxxer.hikari.pool.HikariProxyPreparedStatement.executeQuery(HikariProxyPreparedStatement.java) ~[HikariCP-5.0.1.jar:?]
	at org.hibernate.sql.results.jdbc.internal.DeferredResultSetAccess.executeQuery(DeferredResultSetAccess.java:246) ~[hibernate-core-6.4.4.Final.jar:6.4.4.Final]
	at org.hibernate.sql.results.jdbc.internal.DeferredResultSetAccess.getResultSet(DeferredResultSetAccess.java:167) ~[hibernate-core-6.4.4.Final.jar:6.4.4.Final]
	at org.hibernate.sql.results.jdbc.internal.JdbcValuesResultSetImpl.advanceNext(JdbcValuesResultSetImpl.java:218) ~[hibernate-core-6.4.4.Final.jar:6.4.4.Final]
	at org.hibernate.sql.results.jdbc.internal.JdbcValuesResultSetImpl.processNext(JdbcValuesResultSetImpl.java:98) ~[hibernate-core-6.4.4.Final.jar:6.4.4.Final]
	at org.hibernate.sql.results.jdbc.internal.AbstractJdbcValues.next(AbstractJdbcValues.java:19) ~[hibernate-core-6.4.4.Final.jar:6.4.4.Final]
	at org.hibernate.sql.results.internal.RowProcessingStateStandardImpl.next(RowProcessingStateStandardImpl.java:66) ~[hibernate-core-6.4.4.Final.jar:6.4.4.Final]
	at org.hibernate.sql.results.spi.ListResultsConsumer.consume(ListResultsConsumer.java:202) ~[hibernate-core-6.4.4.Final.jar:6.4.4.Final]
	at org.hibernate.sql.results.spi.ListResultsConsumer.consume(ListResultsConsumer.java:33) ~[hibernate-core-6.4.4.Final.jar:6.4.4.Final]
	at org.hibernate.sql.exec.internal.JdbcSelectExecutorStandardImpl.doExecuteQuery(JdbcSelectExecutorStandardImpl.java:209) ~[hibernate-core-6.4.4.Final.jar:6.4.4.Final]
	at org.hibernate.sql.exec.internal.JdbcSelectExecutorStandardImpl.executeQuery(JdbcSelectExecutorStandardImpl.java:83) ~[hibernate-core-6.4.4.Final.jar:6.4.4.Final]
	at org.hibernate.sql.exec.spi.JdbcSelectExecutor.list(JdbcSelectExecutor.java:76) ~[hibernate-core-6.4.4.Final.jar:6.4.4.Final]
	at org.hibernate.sql.exec.spi.JdbcSelectExecutor.list(JdbcSelectExecutor.java:65) ~[hibernate-core-6.4.4.Final.jar:6.4.4.Final]
	at org.hibernate.query.sqm.internal.ConcreteSqmSelectQueryPlan.lambda$new$2(ConcreteSqmSelectQueryPlan.java:137) ~[hibernate-core-6.4.4.Final.jar:6.4.4.Final]
	at org.hibernate.query.sqm.internal.ConcreteSqmSelectQueryPlan.withCacheableSqmInterpretation(ConcreteSqmSelectQueryPlan.java:362) ~[hibernate-core-6.4.4.Final.jar:6.4.4.Final]
	at org.hibernate.query.sqm.internal.ConcreteSqmSelectQueryPlan.performList(ConcreteSqmSelectQueryPlan.java:303) ~[hibernate-core-6.4.4.Final.jar:6.4.4.Final]
	at org.hibernate.query.sqm.internal.QuerySqmImpl.doList(QuerySqmImpl.java:509) ~[hibernate-core-6.4.4.Final.jar:6.4.4.Final]
	at org.hibernate.query.spi.AbstractSelectionQuery.list(AbstractSelectionQuery.java:427) ~[hibernate-core-6.4.4.Final.jar:6.4.4.Final]
	at org.hibernate.query.Query.getResultList(Query.java:120) ~[hibernate-core-6.4.4.Final.jar:6.4.4.Final]
	at org.springframework.data.jpa.repository.query.JpaQueryExecution$CollectionExecution.doExecute(JpaQueryExecution.java:129) ~[spring-data-jpa-3.2.5.jar:3.2.5]
	at org.springframework.data.jpa.repository.query.JpaQueryExecution.execute(JpaQueryExecution.java:92) ~[spring-data-jpa-3.2.5.jar:3.2.5]
	at org.springframework.data.jpa.repository.query.AbstractJpaQuery.doExecute(AbstractJpaQuery.java:149) ~[spring-data-jpa-3.2.5.jar:3.2.5]
	at org.springframework.data.jpa.repository.query.AbstractJpaQuery.execute(AbstractJpaQuery.java:137) ~[spring-data-jpa-3.2.5.jar:3.2.5]
	at org.springframework.data.repository.core.support.RepositoryMethodInvoker.doInvoke(RepositoryMethodInvoker.java:170) ~[spring-data-commons-3.2.5.jar:3.2.5]
	at org.springframework.data.repository.core.support.RepositoryMethodInvoker.invoke(RepositoryMethodInvoker.java:158) ~[spring-data-commons-3.2.5.jar:3.2.5]
	at org.springframework.data.repository.core.support.QueryExecutorMethodInterceptor.doInvoke(QueryExecutorMethodInterceptor.java:164) ~[spring-data-commons-3.2.5.jar:3.2.5]
	at org.springframework.data.repository.core.support.QueryExecutorMethodInterceptor.invoke(QueryExecutorMethodInterceptor.java:143) ~[spring-data-commons-3.2.5.jar:3.2.5]
	at org.springframework.aop.framework.ReflectiveMethodInvocation.proceed(ReflectiveMethodInvocation.java:184) ~[spring-aop-6.1.6.jar:6.1.6]
	at org.springframework.data.projection.DefaultMethodInvokingMethodInterceptor.invoke(DefaultMethodInvokingMethodInterceptor.java:70) ~[spring-data-commons-3.2.5.jar:3.2.5]
	at org.springframework.aop.framework.ReflectiveMethodInvocation.proceed(ReflectiveMethodInvocation.java:184) ~[spring-aop-6.1.6.jar:6.1.6]
	at org.springframework.transaction.interceptor.TransactionInterceptor$1.proceedWithInvocation(TransactionInterceptor.java:123) ~[spring-tx-6.1.6.jar:6.1.6]
	at org.springframework.transaction.interceptor.TransactionAspectSupport.invokeWithinTransaction(TransactionAspectSupport.java:392) ~[spring-tx-6.1.6.jar:6.1.6]
	at org.springframework.transaction.interceptor.TransactionInterceptor.invoke(TransactionInterceptor.java:119) ~[spring-tx-6.1.6.jar:6.1.6]
	at org.springframework.aop.framework.ReflectiveMethodInvocation.proceed(ReflectiveMethodInvocation.java:184) ~[spring-aop-6.1.6.jar:6.1.6]
	at org.springframework.dao.support.PersistenceExceptionTranslationInterceptor.invoke(PersistenceExceptionTranslationInterceptor.java:137) ~[spring-tx-6.1.6.jar:6.1.6]
	at org.springframework.aop.framework.ReflectiveMethodInvocation.proceed(ReflectiveMethodInvocation.java:184) ~[spring-aop-6.1.6.jar:6.1.6]
	at org.springframework.data.jpa.repository.support.CrudMethodMetadataPostProcessor$CrudMethodMetadataPopulatingMethodInterceptor.invoke(CrudMethodMetadataPostProcessor.java:135) ~[spring-data-jpa-3.2.5.jar:3.2.5]
	at org.springframework.aop.framework.ReflectiveMethodInvocation.proceed(ReflectiveMethodInvocation.java:184) ~[spring-aop-6.1.6.jar:6.1.6]
	at org.springframework.aop.interceptor.ExposeInvocationInterceptor.invoke(ExposeInvocationInterceptor.java:97) ~[spring-aop-6.1.6.jar:6.1.6]
	at org.springframework.aop.framework.ReflectiveMethodInvocation.proceed(ReflectiveMethodInvocation.java:184) ~[spring-aop-6.1.6.jar:6.1.6]
	at org.springframework.aop.framework.JdkDynamicAopProxy.invoke(JdkDynamicAopProxy.java:223) ~[spring-aop-6.1.6.jar:6.1.6]
	at jdk.proxy4/jdk.proxy4.$Proxy137.findByUserId(Unknown Source) ~[?:?]
	at asm.java5Nhom6.controller.UsersController.getInformation(UsersController.java:256) ~[classes/:?]
	at java.base/jdk.internal.reflect.DirectMethodHandleAccessor.invoke(DirectMethodHandleAccessor.java:103) ~[?:?]
	at java.base/java.lang.reflect.Method.invoke(Method.java:580) ~[?:?]
	at org.springframework.web.method.support.InvocableHandlerMethod.doInvoke(InvocableHandlerMethod.java:255) ~[spring-web-6.1.6.jar:6.1.6]
	at org.springframework.web.method.support.InvocableHandlerMethod.invokeForRequest(InvocableHandlerMethod.java:188) ~[spring-web-6.1.6.jar:6.1.6]
	at org.springframework.web.servlet.mvc.method.annotation.ServletInvocableHandlerMethod.invokeAndHandle(ServletInvocableHandlerMethod.java:118) ~[spring-webmvc-6.1.6.jar:6.1.6]
	at org.springframework.web.servlet.mvc.method.annotation.RequestMappingHandlerAdapter.invokeHandlerMethod(RequestMappingHandlerAdapter.java:926) ~[spring-webmvc-6.1.6.jar:6.1.6]
	at org.springframework.web.servlet.mvc.method.annotation.RequestMappingHandlerAdapter.handleInternal(RequestMappingHandlerAdapter.java:831) ~[spring-webmvc-6.1.6.jar:6.1.6]
	at org.springframework.web.servlet.mvc.method.AbstractHandlerMethodAdapter.handle(AbstractHandlerMethodAdapter.java:87) ~[spring-webmvc-6.1.6.jar:6.1.6]
	at org.springframework.web.servlet.DispatcherServlet.doDispatch(DispatcherServlet.java:1089) ~[spring-webmvc-6.1.6.jar:6.1.6]
	at org.springframework.web.servlet.DispatcherServlet.doService(DispatcherServlet.java:979) ~[spring-webmvc-6.1.6.jar:6.1.6]
	at org.springframework.web.servlet.FrameworkServlet.processRequest(FrameworkServlet.java:1014) ~[spring-webmvc-6.1.6.jar:6.1.6]
	at org.springframework.web.servlet.FrameworkServlet.doGet(FrameworkServlet.java:903) ~[spring-webmvc-6.1.6.jar:6.1.6]
	at jakarta.servlet.http.HttpServlet.service(HttpServlet.java:564) ~[tomcat-embed-core-10.1.20.jar:6.0]
	at org.springframework.web.servlet.FrameworkServlet.service(FrameworkServlet.java:885) ~[spring-webmvc-6.1.6.jar:6.1.6]
	at jakarta.servlet.http.HttpServlet.service(HttpServlet.java:658) ~[tomcat-embed-core-10.1.20.jar:6.0]
	at org.apache.catalina.core.ApplicationFilterChain.internalDoFilter(ApplicationFilterChain.java:206) ~[tomcat-embed-core-10.1.20.jar:10.1.20]
	at org.apache.catalina.core.ApplicationFilterChain.doFilter(ApplicationFilterChain.java:150) ~[tomcat-embed-core-10.1.20.jar:10.1.20]
	at org.apache.tomcat.websocket.server.WsFilter.doFilter(WsFilter.java:51) ~[tomcat-embed-websocket-10.1.20.jar:10.1.20]
	at org.apache.catalina.core.ApplicationFilterChain.internalDoFilter(ApplicationFilterChain.java:175) ~[tomcat-embed-core-10.1.20.jar:10.1.20]
	at org.apache.catalina.core.ApplicationFilterChain.doFilter(ApplicationFilterChain.java:150) ~[tomcat-embed-core-10.1.20.jar:10.1.20]
	at org.springframework.web.filter.RequestContextFilter.doFilterInternal(RequestContextFilter.java:100) ~[spring-web-6.1.6.jar:6.1.6]
	at org.springframework.web.filter.OncePerRequestFilter.doFilter(OncePerRequestFilter.java:116) ~[spring-web-6.1.6.jar:6.1.6]
	at org.apache.catalina.core.ApplicationFilterChain.internalDoFilter(ApplicationFilterChain.java:175) ~[tomcat-embed-core-10.1.20.jar:10.1.20]
	at org.apache.catalina.core.ApplicationFilterChain.doFilter(ApplicationFilterChain.java:150) ~[tomcat-embed-core-10.1.20.jar:10.1.20]
	at org.springframework.web.filter.FormContentFilter.doFilterInternal(FormContentFilter.java:93) ~[spring-web-6.1.6.jar:6.1.6]
	at org.springframework.web.filter.OncePerRequestFilter.doFilter(OncePerRequestFilter.java:116) ~[spring-web-6.1.6.jar:6.1.6]
	at org.apache.catalina.core.ApplicationFilterChain.internalDoFilter(ApplicationFilterChain.java:175) ~[tomcat-embed-core-10.1.20.jar:10.1.20]
	at org.apache.catalina.core.ApplicationFilterChain.doFilter(ApplicationFilterChain.java:150) ~[tomcat-embed-core-10.1.20.jar:10.1.20]
	at org.springframework.web.filter.CharacterEncodingFilter.doFilterInternal(CharacterEncodingFilter.java:201) ~[spring-web-6.1.6.jar:6.1.6]
	at org.springframework.web.filter.OncePerRequestFilter.doFilter(OncePerRequestFilter.java:116) ~[spring-web-6.1.6.jar:6.1.6]
	at org.apache.catalina.core.ApplicationFilterChain.internalDoFilter(ApplicationFilterChain.java:175) ~[tomcat-embed-core-10.1.20.jar:10.1.20]
	at org.apache.catalina.core.ApplicationFilterChain.doFilter(ApplicationFilterChain.java:150) ~[tomcat-embed-core-10.1.20.jar:10.1.20]
	at org.apache.catalina.core.StandardWrapperValve.invoke(StandardWrapperValve.java:167) ~[tomcat-embed-core-10.1.20.jar:10.1.20]
	at org.apache.catalina.core.StandardContextValve.invoke(StandardContextValve.java:90) ~[tomcat-embed-core-10.1.20.jar:10.1.20]
	at org.apache.catalina.authenticator.AuthenticatorBase.invoke(AuthenticatorBase.java:482) ~[tomcat-embed-core-10.1.20.jar:10.1.20]
	at org.apache.catalina.core.StandardHostValve.invoke(StandardHostValve.java:115) ~[tomcat-embed-core-10.1.20.jar:10.1.20]
	at org.apache.catalina.valves.ErrorReportValve.invoke(ErrorReportValve.java:93) ~[tomcat-embed-core-10.1.20.jar:10.1.20]
	at org.apache.catalina.core.StandardEngineValve.invoke(StandardEngineValve.java:74) ~[tomcat-embed-core-10.1.20.jar:10.1.20]
	at org.apache.catalina.connector.CoyoteAdapter.service(CoyoteAdapter.java:344) ~[tomcat-embed-core-10.1.20.jar:10.1.20]
	at org.apache.coyote.http11.Http11Processor.service(Http11Processor.java:391) ~[tomcat-embed-core-10.1.20.jar:10.1.20]
	at org.apache.coyote.AbstractProcessorLight.process(AbstractProcessorLight.java:63) ~[tomcat-embed-core-10.1.20.jar:10.1.20]
	at org.apache.coyote.AbstractProtocol$ConnectionHandler.process(AbstractProtocol.java:896) ~[tomcat-embed-core-10.1.20.jar:10.1.20]
	at org.apache.tomcat.util.net.NioEndpoint$SocketProcessor.doRun(NioEndpoint.java:1736) ~[tomcat-embed-core-10.1.20.jar:10.1.20]
	at org.apache.tomcat.util.net.SocketProcessorBase.run(SocketProcessorBase.java:52) ~[tomcat-embed-core-10.1.20.jar:10.1.20]
	at org.apache.tomcat.util.threads.ThreadPoolExecutor.runWorker(ThreadPoolExecutor.java:1191) ~[tomcat-embed-core-10.1.20.jar:10.1.20]
	at org.apache.tomcat.util.threads.ThreadPoolExecutor$Worker.run(ThreadPoolExecutor.java:659) ~[tomcat-embed-core-10.1.20.jar:10.1.20]
	at org.apache.tomcat.util.threads.TaskThread$WrappingRunnable.run(TaskThread.java:63) ~[tomcat-embed-core-10.1.20.jar:10.1.20]
	at java.base/java.lang.Thread.run(Thread.java:1583) [?:?]
2024-07-19 12:34:39,909 WARN o.h.e.j.s.SqlExceptionHelper [http-nio-8080-exec-10] SQL Error: 207, SQLState: S0001
2024-07-19 12:34:39,909 ERROR o.h.e.j.s.SqlExceptionHelper [http-nio-8080-exec-10] Invalid column name 'address'.
2024-07-19 12:34:39,910 ERROR o.a.c.c.C.[.[.[.[dispatcherServlet] [http-nio-8080-exec-10] Servlet.service() for servlet [dispatcherServlet] in context with path [] threw exception [Request processing failed: org.springframework.dao.InvalidDataAccessResourceUsageException: JDBC exception executing SQL [select o1_0.order_id,o1_0.address,o1_0.date,o1_0.status,o1_0.total_amount,o1_0.user_id from orders o1_0 where o1_0.user_id=?] [Invalid column name 'address'.] [n/a]; SQL [n/a]] with root cause
com.microsoft.sqlserver.jdbc.SQLServerException: Invalid column name 'address'.
	at com.microsoft.sqlserver.jdbc.SQLServerException.makeFromDatabaseError(SQLServerException.java:259) ~[mssql-jdbc-12.4.2.jre11.jar:?]
	at com.microsoft.sqlserver.jdbc.SQLServerStatement.getNextResult(SQLServerStatement.java:1695) ~[mssql-jdbc-12.4.2.jre11.jar:?]
	at com.microsoft.sqlserver.jdbc.SQLServerPreparedStatement.doExecutePreparedStatement(SQLServerPreparedStatement.java:648) ~[mssql-jdbc-12.4.2.jre11.jar:?]
	at com.microsoft.sqlserver.jdbc.SQLServerPreparedStatement$PrepStmtExecCmd.doExecute(SQLServerPreparedStatement.java:567) ~[mssql-jdbc-12.4.2.jre11.jar:?]
	at com.microsoft.sqlserver.jdbc.TDSCommand.execute(IOBuffer.java:7675) ~[mssql-jdbc-12.4.2.jre11.jar:?]
	at com.microsoft.sqlserver.jdbc.SQLServerConnection.executeCommand(SQLServerConnection.java:4137) ~[mssql-jdbc-12.4.2.jre11.jar:?]
	at com.microsoft.sqlserver.jdbc.SQLServerStatement.executeCommand(SQLServerStatement.java:272) ~[mssql-jdbc-12.4.2.jre11.jar:?]
	at com.microsoft.sqlserver.jdbc.SQLServerStatement.executeStatement(SQLServerStatement.java:246) ~[mssql-jdbc-12.4.2.jre11.jar:?]
	at com.microsoft.sqlserver.jdbc.SQLServerPreparedStatement.executeQuery(SQLServerPreparedStatement.java:485) ~[mssql-jdbc-12.4.2.jre11.jar:?]
	at com.zaxxer.hikari.pool.ProxyPreparedStatement.executeQuery(ProxyPreparedStatement.java:52) ~[HikariCP-5.0.1.jar:?]
	at com.zaxxer.hikari.pool.HikariProxyPreparedStatement.executeQuery(HikariProxyPreparedStatement.java) ~[HikariCP-5.0.1.jar:?]
	at org.hibernate.sql.results.jdbc.internal.DeferredResultSetAccess.executeQuery(DeferredResultSetAccess.java:246) ~[hibernate-core-6.4.4.Final.jar:6.4.4.Final]
	at org.hibernate.sql.results.jdbc.internal.DeferredResultSetAccess.getResultSet(DeferredResultSetAccess.java:167) ~[hibernate-core-6.4.4.Final.jar:6.4.4.Final]
	at org.hibernate.sql.results.jdbc.internal.JdbcValuesResultSetImpl.advanceNext(JdbcValuesResultSetImpl.java:218) ~[hibernate-core-6.4.4.Final.jar:6.4.4.Final]
	at org.hibernate.sql.results.jdbc.internal.JdbcValuesResultSetImpl.processNext(JdbcValuesResultSetImpl.java:98) ~[hibernate-core-6.4.4.Final.jar:6.4.4.Final]
	at org.hibernate.sql.results.jdbc.internal.AbstractJdbcValues.next(AbstractJdbcValues.java:19) ~[hibernate-core-6.4.4.Final.jar:6.4.4.Final]
	at org.hibernate.sql.results.internal.RowProcessingStateStandardImpl.next(RowProcessingStateStandardImpl.java:66) ~[hibernate-core-6.4.4.Final.jar:6.4.4.Final]
	at org.hibernate.sql.results.spi.ListResultsConsumer.consume(ListResultsConsumer.java:202) ~[hibernate-core-6.4.4.Final.jar:6.4.4.Final]
	at org.hibernate.sql.results.spi.ListResultsConsumer.consume(ListResultsConsumer.java:33) ~[hibernate-core-6.4.4.Final.jar:6.4.4.Final]
	at org.hibernate.sql.exec.internal.JdbcSelectExecutorStandardImpl.doExecuteQuery(JdbcSelectExecutorStandardImpl.java:209) ~[hibernate-core-6.4.4.Final.jar:6.4.4.Final]
	at org.hibernate.sql.exec.internal.JdbcSelectExecutorStandardImpl.executeQuery(JdbcSelectExecutorStandardImpl.java:83) ~[hibernate-core-6.4.4.Final.jar:6.4.4.Final]
	at org.hibernate.sql.exec.spi.JdbcSelectExecutor.list(JdbcSelectExecutor.java:76) ~[hibernate-core-6.4.4.Final.jar:6.4.4.Final]
	at org.hibernate.sql.exec.spi.JdbcSelectExecutor.list(JdbcSelectExecutor.java:65) ~[hibernate-core-6.4.4.Final.jar:6.4.4.Final]
	at org.hibernate.query.sqm.internal.ConcreteSqmSelectQueryPlan.lambda$new$2(ConcreteSqmSelectQueryPlan.java:137) ~[hibernate-core-6.4.4.Final.jar:6.4.4.Final]
	at org.hibernate.query.sqm.internal.ConcreteSqmSelectQueryPlan.withCacheableSqmInterpretation(ConcreteSqmSelectQueryPlan.java:362) ~[hibernate-core-6.4.4.Final.jar:6.4.4.Final]
	at org.hibernate.query.sqm.internal.ConcreteSqmSelectQueryPlan.performList(ConcreteSqmSelectQueryPlan.java:303) ~[hibernate-core-6.4.4.Final.jar:6.4.4.Final]
	at org.hibernate.query.sqm.internal.QuerySqmImpl.doList(QuerySqmImpl.java:509) ~[hibernate-core-6.4.4.Final.jar:6.4.4.Final]
	at org.hibernate.query.spi.AbstractSelectionQuery.list(AbstractSelectionQuery.java:427) ~[hibernate-core-6.4.4.Final.jar:6.4.4.Final]
	at org.hibernate.query.Query.getResultList(Query.java:120) ~[hibernate-core-6.4.4.Final.jar:6.4.4.Final]
	at org.springframework.data.jpa.repository.query.JpaQueryExecution$CollectionExecution.doExecute(JpaQueryExecution.java:129) ~[spring-data-jpa-3.2.5.jar:3.2.5]
	at org.springframework.data.jpa.repository.query.JpaQueryExecution.execute(JpaQueryExecution.java:92) ~[spring-data-jpa-3.2.5.jar:3.2.5]
	at org.springframework.data.jpa.repository.query.AbstractJpaQuery.doExecute(AbstractJpaQuery.java:149) ~[spring-data-jpa-3.2.5.jar:3.2.5]
	at org.springframework.data.jpa.repository.query.AbstractJpaQuery.execute(AbstractJpaQuery.java:137) ~[spring-data-jpa-3.2.5.jar:3.2.5]
	at org.springframework.data.repository.core.support.RepositoryMethodInvoker.doInvoke(RepositoryMethodInvoker.java:170) ~[spring-data-commons-3.2.5.jar:3.2.5]
	at org.springframework.data.repository.core.support.RepositoryMethodInvoker.invoke(RepositoryMethodInvoker.java:158) ~[spring-data-commons-3.2.5.jar:3.2.5]
	at org.springframework.data.repository.core.support.QueryExecutorMethodInterceptor.doInvoke(QueryExecutorMethodInterceptor.java:164) ~[spring-data-commons-3.2.5.jar:3.2.5]
	at org.springframework.data.repository.core.support.QueryExecutorMethodInterceptor.invoke(QueryExecutorMethodInterceptor.java:143) ~[spring-data-commons-3.2.5.jar:3.2.5]
	at org.springframework.aop.framework.ReflectiveMethodInvocation.proceed(ReflectiveMethodInvocation.java:184) ~[spring-aop-6.1.6.jar:6.1.6]
	at org.springframework.data.projection.DefaultMethodInvokingMethodInterceptor.invoke(DefaultMethodInvokingMethodInterceptor.java:70) ~[spring-data-commons-3.2.5.jar:3.2.5]
	at org.springframework.aop.framework.ReflectiveMethodInvocation.proceed(ReflectiveMethodInvocation.java:184) ~[spring-aop-6.1.6.jar:6.1.6]
	at org.springframework.transaction.interceptor.TransactionInterceptor$1.proceedWithInvocation(TransactionInterceptor.java:123) ~[spring-tx-6.1.6.jar:6.1.6]
	at org.springframework.transaction.interceptor.TransactionAspectSupport.invokeWithinTransaction(TransactionAspectSupport.java:392) ~[spring-tx-6.1.6.jar:6.1.6]
	at org.springframework.transaction.interceptor.TransactionInterceptor.invoke(TransactionInterceptor.java:119) ~[spring-tx-6.1.6.jar:6.1.6]
	at org.springframework.aop.framework.ReflectiveMethodInvocation.proceed(ReflectiveMethodInvocation.java:184) ~[spring-aop-6.1.6.jar:6.1.6]
	at org.springframework.dao.support.PersistenceExceptionTranslationInterceptor.invoke(PersistenceExceptionTranslationInterceptor.java:137) ~[spring-tx-6.1.6.jar:6.1.6]
	at org.springframework.aop.framework.ReflectiveMethodInvocation.proceed(ReflectiveMethodInvocation.java:184) ~[spring-aop-6.1.6.jar:6.1.6]
	at org.springframework.data.jpa.repository.support.CrudMethodMetadataPostProcessor$CrudMethodMetadataPopulatingMethodInterceptor.invoke(CrudMethodMetadataPostProcessor.java:135) ~[spring-data-jpa-3.2.5.jar:3.2.5]
	at org.springframework.aop.framework.ReflectiveMethodInvocation.proceed(ReflectiveMethodInvocation.java:184) ~[spring-aop-6.1.6.jar:6.1.6]
	at org.springframework.aop.interceptor.ExposeInvocationInterceptor.invoke(ExposeInvocationInterceptor.java:97) ~[spring-aop-6.1.6.jar:6.1.6]
	at org.springframework.aop.framework.ReflectiveMethodInvocation.proceed(ReflectiveMethodInvocation.java:184) ~[spring-aop-6.1.6.jar:6.1.6]
	at org.springframework.aop.framework.JdkDynamicAopProxy.invoke(JdkDynamicAopProxy.java:223) ~[spring-aop-6.1.6.jar:6.1.6]
	at jdk.proxy4/jdk.proxy4.$Proxy137.findByUserId(Unknown Source) ~[?:?]
	at asm.java5Nhom6.controller.UsersController.getInformation(UsersController.java:256) ~[classes/:?]
	at java.base/jdk.internal.reflect.DirectMethodHandleAccessor.invoke(DirectMethodHandleAccessor.java:103) ~[?:?]
	at java.base/java.lang.reflect.Method.invoke(Method.java:580) ~[?:?]
	at org.springframework.web.method.support.InvocableHandlerMethod.doInvoke(InvocableHandlerMethod.java:255) ~[spring-web-6.1.6.jar:6.1.6]
	at org.springframework.web.method.support.InvocableHandlerMethod.invokeForRequest(InvocableHandlerMethod.java:188) ~[spring-web-6.1.6.jar:6.1.6]
	at org.springframework.web.servlet.mvc.method.annotation.ServletInvocableHandlerMethod.invokeAndHandle(ServletInvocableHandlerMethod.java:118) ~[spring-webmvc-6.1.6.jar:6.1.6]
	at org.springframework.web.servlet.mvc.method.annotation.RequestMappingHandlerAdapter.invokeHandlerMethod(RequestMappingHandlerAdapter.java:926) ~[spring-webmvc-6.1.6.jar:6.1.6]
	at org.springframework.web.servlet.mvc.method.annotation.RequestMappingHandlerAdapter.handleInternal(RequestMappingHandlerAdapter.java:831) ~[spring-webmvc-6.1.6.jar:6.1.6]
	at org.springframework.web.servlet.mvc.method.AbstractHandlerMethodAdapter.handle(AbstractHandlerMethodAdapter.java:87) ~[spring-webmvc-6.1.6.jar:6.1.6]
	at org.springframework.web.servlet.DispatcherServlet.doDispatch(DispatcherServlet.java:1089) ~[spring-webmvc-6.1.6.jar:6.1.6]
	at org.springframework.web.servlet.DispatcherServlet.doService(DispatcherServlet.java:979) ~[spring-webmvc-6.1.6.jar:6.1.6]
	at org.springframework.web.servlet.FrameworkServlet.processRequest(FrameworkServlet.java:1014) ~[spring-webmvc-6.1.6.jar:6.1.6]
	at org.springframework.web.servlet.FrameworkServlet.doGet(FrameworkServlet.java:903) ~[spring-webmvc-6.1.6.jar:6.1.6]
	at jakarta.servlet.http.HttpServlet.service(HttpServlet.java:564) ~[tomcat-embed-core-10.1.20.jar:6.0]
	at org.springframework.web.servlet.FrameworkServlet.service(FrameworkServlet.java:885) ~[spring-webmvc-6.1.6.jar:6.1.6]
	at jakarta.servlet.http.HttpServlet.service(HttpServlet.java:658) ~[tomcat-embed-core-10.1.20.jar:6.0]
	at org.apache.catalina.core.ApplicationFilterChain.internalDoFilter(ApplicationFilterChain.java:206) ~[tomcat-embed-core-10.1.20.jar:10.1.20]
	at org.apache.catalina.core.ApplicationFilterChain.doFilter(ApplicationFilterChain.java:150) ~[tomcat-embed-core-10.1.20.jar:10.1.20]
	at org.apache.tomcat.websocket.server.WsFilter.doFilter(WsFilter.java:51) ~[tomcat-embed-websocket-10.1.20.jar:10.1.20]
	at org.apache.catalina.core.ApplicationFilterChain.internalDoFilter(ApplicationFilterChain.java:175) ~[tomcat-embed-core-10.1.20.jar:10.1.20]
	at org.apache.catalina.core.ApplicationFilterChain.doFilter(ApplicationFilterChain.java:150) ~[tomcat-embed-core-10.1.20.jar:10.1.20]
	at org.springframework.web.filter.RequestContextFilter.doFilterInternal(RequestContextFilter.java:100) ~[spring-web-6.1.6.jar:6.1.6]
	at org.springframework.web.filter.OncePerRequestFilter.doFilter(OncePerRequestFilter.java:116) ~[spring-web-6.1.6.jar:6.1.6]
	at org.apache.catalina.core.ApplicationFilterChain.internalDoFilter(ApplicationFilterChain.java:175) ~[tomcat-embed-core-10.1.20.jar:10.1.20]
	at org.apache.catalina.core.ApplicationFilterChain.doFilter(ApplicationFilterChain.java:150) ~[tomcat-embed-core-10.1.20.jar:10.1.20]
	at org.springframework.web.filter.FormContentFilter.doFilterInternal(FormContentFilter.java:93) ~[spring-web-6.1.6.jar:6.1.6]
	at org.springframework.web.filter.OncePerRequestFilter.doFilter(OncePerRequestFilter.java:116) ~[spring-web-6.1.6.jar:6.1.6]
	at org.apache.catalina.core.ApplicationFilterChain.internalDoFilter(ApplicationFilterChain.java:175) ~[tomcat-embed-core-10.1.20.jar:10.1.20]
	at org.apache.catalina.core.ApplicationFilterChain.doFilter(ApplicationFilterChain.java:150) ~[tomcat-embed-core-10.1.20.jar:10.1.20]
	at org.springframework.web.filter.CharacterEncodingFilter.doFilterInternal(CharacterEncodingFilter.java:201) ~[spring-web-6.1.6.jar:6.1.6]
	at org.springframework.web.filter.OncePerRequestFilter.doFilter(OncePerRequestFilter.java:116) ~[spring-web-6.1.6.jar:6.1.6]
	at org.apache.catalina.core.ApplicationFilterChain.internalDoFilter(ApplicationFilterChain.java:175) ~[tomcat-embed-core-10.1.20.jar:10.1.20]
	at org.apache.catalina.core.ApplicationFilterChain.doFilter(ApplicationFilterChain.java:150) ~[tomcat-embed-core-10.1.20.jar:10.1.20]
	at org.apache.catalina.core.StandardWrapperValve.invoke(StandardWrapperValve.java:167) ~[tomcat-embed-core-10.1.20.jar:10.1.20]
	at org.apache.catalina.core.StandardContextValve.invoke(StandardContextValve.java:90) ~[tomcat-embed-core-10.1.20.jar:10.1.20]
	at org.apache.catalina.authenticator.AuthenticatorBase.invoke(AuthenticatorBase.java:482) ~[tomcat-embed-core-10.1.20.jar:10.1.20]
	at org.apache.catalina.core.StandardHostValve.invoke(StandardHostValve.java:115) ~[tomcat-embed-core-10.1.20.jar:10.1.20]
	at org.apache.catalina.valves.ErrorReportValve.invoke(ErrorReportValve.java:93) ~[tomcat-embed-core-10.1.20.jar:10.1.20]
	at org.apache.catalina.core.StandardEngineValve.invoke(StandardEngineValve.java:74) ~[tomcat-embed-core-10.1.20.jar:10.1.20]
	at org.apache.catalina.connector.CoyoteAdapter.service(CoyoteAdapter.java:344) ~[tomcat-embed-core-10.1.20.jar:10.1.20]
	at org.apache.coyote.http11.Http11Processor.service(Http11Processor.java:391) ~[tomcat-embed-core-10.1.20.jar:10.1.20]
	at org.apache.coyote.AbstractProcessorLight.process(AbstractProcessorLight.java:63) ~[tomcat-embed-core-10.1.20.jar:10.1.20]
	at org.apache.coyote.AbstractProtocol$ConnectionHandler.process(AbstractProtocol.java:896) ~[tomcat-embed-core-10.1.20.jar:10.1.20]
	at org.apache.tomcat.util.net.NioEndpoint$SocketProcessor.doRun(NioEndpoint.java:1736) ~[tomcat-embed-core-10.1.20.jar:10.1.20]
	at org.apache.tomcat.util.net.SocketProcessorBase.run(SocketProcessorBase.java:52) ~[tomcat-embed-core-10.1.20.jar:10.1.20]
	at org.apache.tomcat.util.threads.ThreadPoolExecutor.runWorker(ThreadPoolExecutor.java:1191) ~[tomcat-embed-core-10.1.20.jar:10.1.20]
	at org.apache.tomcat.util.threads.ThreadPoolExecutor$Worker.run(ThreadPoolExecutor.java:659) ~[tomcat-embed-core-10.1.20.jar:10.1.20]
	at org.apache.tomcat.util.threads.TaskThread$WrappingRunnable.run(TaskThread.java:63) ~[tomcat-embed-core-10.1.20.jar:10.1.20]
	at java.base/java.lang.Thread.run(Thread.java:1583) [?:?]
2024-07-19 12:35:00,829 WARN o.h.e.j.s.SqlExceptionHelper [http-nio-8080-exec-1] SQL Error: 207, SQLState: S0001
2024-07-19 12:35:00,829 ERROR o.h.e.j.s.SqlExceptionHelper [http-nio-8080-exec-1] Invalid column name 'address'.
2024-07-19 12:35:00,830 ERROR o.a.c.c.C.[.[.[.[dispatcherServlet] [http-nio-8080-exec-1] Servlet.service() for servlet [dispatcherServlet] in context with path [] threw exception [Request processing failed: org.springframework.dao.InvalidDataAccessResourceUsageException: JDBC exception executing SQL [select o1_0.order_id,o1_0.address,o1_0.date,o1_0.status,o1_0.total_amount,o1_0.user_id from orders o1_0 where o1_0.user_id=?] [Invalid column name 'address'.] [n/a]; SQL [n/a]] with root cause
com.microsoft.sqlserver.jdbc.SQLServerException: Invalid column name 'address'.
	at com.microsoft.sqlserver.jdbc.SQLServerException.makeFromDatabaseError(SQLServerException.java:259) ~[mssql-jdbc-12.4.2.jre11.jar:?]
	at com.microsoft.sqlserver.jdbc.SQLServerStatement.getNextResult(SQLServerStatement.java:1695) ~[mssql-jdbc-12.4.2.jre11.jar:?]
	at com.microsoft.sqlserver.jdbc.SQLServerPreparedStatement.doExecutePreparedStatement(SQLServerPreparedStatement.java:648) ~[mssql-jdbc-12.4.2.jre11.jar:?]
	at com.microsoft.sqlserver.jdbc.SQLServerPreparedStatement$PrepStmtExecCmd.doExecute(SQLServerPreparedStatement.java:567) ~[mssql-jdbc-12.4.2.jre11.jar:?]
	at com.microsoft.sqlserver.jdbc.TDSCommand.execute(IOBuffer.java:7675) ~[mssql-jdbc-12.4.2.jre11.jar:?]
	at com.microsoft.sqlserver.jdbc.SQLServerConnection.executeCommand(SQLServerConnection.java:4137) ~[mssql-jdbc-12.4.2.jre11.jar:?]
	at com.microsoft.sqlserver.jdbc.SQLServerStatement.executeCommand(SQLServerStatement.java:272) ~[mssql-jdbc-12.4.2.jre11.jar:?]
	at com.microsoft.sqlserver.jdbc.SQLServerStatement.executeStatement(SQLServerStatement.java:246) ~[mssql-jdbc-12.4.2.jre11.jar:?]
	at com.microsoft.sqlserver.jdbc.SQLServerPreparedStatement.executeQuery(SQLServerPreparedStatement.java:485) ~[mssql-jdbc-12.4.2.jre11.jar:?]
	at com.zaxxer.hikari.pool.ProxyPreparedStatement.executeQuery(ProxyPreparedStatement.java:52) ~[HikariCP-5.0.1.jar:?]
	at com.zaxxer.hikari.pool.HikariProxyPreparedStatement.executeQuery(HikariProxyPreparedStatement.java) ~[HikariCP-5.0.1.jar:?]
	at org.hibernate.sql.results.jdbc.internal.DeferredResultSetAccess.executeQuery(DeferredResultSetAccess.java:246) ~[hibernate-core-6.4.4.Final.jar:6.4.4.Final]
	at org.hibernate.sql.results.jdbc.internal.DeferredResultSetAccess.getResultSet(DeferredResultSetAccess.java:167) ~[hibernate-core-6.4.4.Final.jar:6.4.4.Final]
	at org.hibernate.sql.results.jdbc.internal.JdbcValuesResultSetImpl.advanceNext(JdbcValuesResultSetImpl.java:218) ~[hibernate-core-6.4.4.Final.jar:6.4.4.Final]
	at org.hibernate.sql.results.jdbc.internal.JdbcValuesResultSetImpl.processNext(JdbcValuesResultSetImpl.java:98) ~[hibernate-core-6.4.4.Final.jar:6.4.4.Final]
	at org.hibernate.sql.results.jdbc.internal.AbstractJdbcValues.next(AbstractJdbcValues.java:19) ~[hibernate-core-6.4.4.Final.jar:6.4.4.Final]
	at org.hibernate.sql.results.internal.RowProcessingStateStandardImpl.next(RowProcessingStateStandardImpl.java:66) ~[hibernate-core-6.4.4.Final.jar:6.4.4.Final]
	at org.hibernate.sql.results.spi.ListResultsConsumer.consume(ListResultsConsumer.java:202) ~[hibernate-core-6.4.4.Final.jar:6.4.4.Final]
	at org.hibernate.sql.results.spi.ListResultsConsumer.consume(ListResultsConsumer.java:33) ~[hibernate-core-6.4.4.Final.jar:6.4.4.Final]
	at org.hibernate.sql.exec.internal.JdbcSelectExecutorStandardImpl.doExecuteQuery(JdbcSelectExecutorStandardImpl.java:209) ~[hibernate-core-6.4.4.Final.jar:6.4.4.Final]
	at org.hibernate.sql.exec.internal.JdbcSelectExecutorStandardImpl.executeQuery(JdbcSelectExecutorStandardImpl.java:83) ~[hibernate-core-6.4.4.Final.jar:6.4.4.Final]
	at org.hibernate.sql.exec.spi.JdbcSelectExecutor.list(JdbcSelectExecutor.java:76) ~[hibernate-core-6.4.4.Final.jar:6.4.4.Final]
	at org.hibernate.sql.exec.spi.JdbcSelectExecutor.list(JdbcSelectExecutor.java:65) ~[hibernate-core-6.4.4.Final.jar:6.4.4.Final]
	at org.hibernate.query.sqm.internal.ConcreteSqmSelectQueryPlan.lambda$new$2(ConcreteSqmSelectQueryPlan.java:137) ~[hibernate-core-6.4.4.Final.jar:6.4.4.Final]
	at org.hibernate.query.sqm.internal.ConcreteSqmSelectQueryPlan.withCacheableSqmInterpretation(ConcreteSqmSelectQueryPlan.java:362) ~[hibernate-core-6.4.4.Final.jar:6.4.4.Final]
	at org.hibernate.query.sqm.internal.ConcreteSqmSelectQueryPlan.performList(ConcreteSqmSelectQueryPlan.java:303) ~[hibernate-core-6.4.4.Final.jar:6.4.4.Final]
	at org.hibernate.query.sqm.internal.QuerySqmImpl.doList(QuerySqmImpl.java:509) ~[hibernate-core-6.4.4.Final.jar:6.4.4.Final]
	at org.hibernate.query.spi.AbstractSelectionQuery.list(AbstractSelectionQuery.java:427) ~[hibernate-core-6.4.4.Final.jar:6.4.4.Final]
	at org.hibernate.query.Query.getResultList(Query.java:120) ~[hibernate-core-6.4.4.Final.jar:6.4.4.Final]
	at org.springframework.data.jpa.repository.query.JpaQueryExecution$CollectionExecution.doExecute(JpaQueryExecution.java:129) ~[spring-data-jpa-3.2.5.jar:3.2.5]
	at org.springframework.data.jpa.repository.query.JpaQueryExecution.execute(JpaQueryExecution.java:92) ~[spring-data-jpa-3.2.5.jar:3.2.5]
	at org.springframework.data.jpa.repository.query.AbstractJpaQuery.doExecute(AbstractJpaQuery.java:149) ~[spring-data-jpa-3.2.5.jar:3.2.5]
	at org.springframework.data.jpa.repository.query.AbstractJpaQuery.execute(AbstractJpaQuery.java:137) ~[spring-data-jpa-3.2.5.jar:3.2.5]
	at org.springframework.data.repository.core.support.RepositoryMethodInvoker.doInvoke(RepositoryMethodInvoker.java:170) ~[spring-data-commons-3.2.5.jar:3.2.5]
	at org.springframework.data.repository.core.support.RepositoryMethodInvoker.invoke(RepositoryMethodInvoker.java:158) ~[spring-data-commons-3.2.5.jar:3.2.5]
	at org.springframework.data.repository.core.support.QueryExecutorMethodInterceptor.doInvoke(QueryExecutorMethodInterceptor.java:164) ~[spring-data-commons-3.2.5.jar:3.2.5]
	at org.springframework.data.repository.core.support.QueryExecutorMethodInterceptor.invoke(QueryExecutorMethodInterceptor.java:143) ~[spring-data-commons-3.2.5.jar:3.2.5]
	at org.springframework.aop.framework.ReflectiveMethodInvocation.proceed(ReflectiveMethodInvocation.java:184) ~[spring-aop-6.1.6.jar:6.1.6]
	at org.springframework.data.projection.DefaultMethodInvokingMethodInterceptor.invoke(DefaultMethodInvokingMethodInterceptor.java:70) ~[spring-data-commons-3.2.5.jar:3.2.5]
	at org.springframework.aop.framework.ReflectiveMethodInvocation.proceed(ReflectiveMethodInvocation.java:184) ~[spring-aop-6.1.6.jar:6.1.6]
	at org.springframework.transaction.interceptor.TransactionInterceptor$1.proceedWithInvocation(TransactionInterceptor.java:123) ~[spring-tx-6.1.6.jar:6.1.6]
	at org.springframework.transaction.interceptor.TransactionAspectSupport.invokeWithinTransaction(TransactionAspectSupport.java:392) ~[spring-tx-6.1.6.jar:6.1.6]
	at org.springframework.transaction.interceptor.TransactionInterceptor.invoke(TransactionInterceptor.java:119) ~[spring-tx-6.1.6.jar:6.1.6]
	at org.springframework.aop.framework.ReflectiveMethodInvocation.proceed(ReflectiveMethodInvocation.java:184) ~[spring-aop-6.1.6.jar:6.1.6]
	at org.springframework.dao.support.PersistenceExceptionTranslationInterceptor.invoke(PersistenceExceptionTranslationInterceptor.java:137) ~[spring-tx-6.1.6.jar:6.1.6]
	at org.springframework.aop.framework.ReflectiveMethodInvocation.proceed(ReflectiveMethodInvocation.java:184) ~[spring-aop-6.1.6.jar:6.1.6]
	at org.springframework.data.jpa.repository.support.CrudMethodMetadataPostProcessor$CrudMethodMetadataPopulatingMethodInterceptor.invoke(CrudMethodMetadataPostProcessor.java:135) ~[spring-data-jpa-3.2.5.jar:3.2.5]
	at org.springframework.aop.framework.ReflectiveMethodInvocation.proceed(ReflectiveMethodInvocation.java:184) ~[spring-aop-6.1.6.jar:6.1.6]
	at org.springframework.aop.interceptor.ExposeInvocationInterceptor.invoke(ExposeInvocationInterceptor.java:97) ~[spring-aop-6.1.6.jar:6.1.6]
	at org.springframework.aop.framework.ReflectiveMethodInvocation.proceed(ReflectiveMethodInvocation.java:184) ~[spring-aop-6.1.6.jar:6.1.6]
	at org.springframework.aop.framework.JdkDynamicAopProxy.invoke(JdkDynamicAopProxy.java:223) ~[spring-aop-6.1.6.jar:6.1.6]
	at jdk.proxy4/jdk.proxy4.$Proxy137.findByUserId(Unknown Source) ~[?:?]
	at asm.java5Nhom6.controller.UsersController.getInformation(UsersController.java:256) ~[classes/:?]
	at java.base/jdk.internal.reflect.DirectMethodHandleAccessor.invoke(DirectMethodHandleAccessor.java:103) ~[?:?]
	at java.base/java.lang.reflect.Method.invoke(Method.java:580) ~[?:?]
	at org.springframework.web.method.support.InvocableHandlerMethod.doInvoke(InvocableHandlerMethod.java:255) ~[spring-web-6.1.6.jar:6.1.6]
	at org.springframework.web.method.support.InvocableHandlerMethod.invokeForRequest(InvocableHandlerMethod.java:188) ~[spring-web-6.1.6.jar:6.1.6]
	at org.springframework.web.servlet.mvc.method.annotation.ServletInvocableHandlerMethod.invokeAndHandle(ServletInvocableHandlerMethod.java:118) ~[spring-webmvc-6.1.6.jar:6.1.6]
	at org.springframework.web.servlet.mvc.method.annotation.RequestMappingHandlerAdapter.invokeHandlerMethod(RequestMappingHandlerAdapter.java:926) ~[spring-webmvc-6.1.6.jar:6.1.6]
	at org.springframework.web.servlet.mvc.method.annotation.RequestMappingHandlerAdapter.handleInternal(RequestMappingHandlerAdapter.java:831) ~[spring-webmvc-6.1.6.jar:6.1.6]
	at org.springframework.web.servlet.mvc.method.AbstractHandlerMethodAdapter.handle(AbstractHandlerMethodAdapter.java:87) ~[spring-webmvc-6.1.6.jar:6.1.6]
	at org.springframework.web.servlet.DispatcherServlet.doDispatch(DispatcherServlet.java:1089) ~[spring-webmvc-6.1.6.jar:6.1.6]
	at org.springframework.web.servlet.DispatcherServlet.doService(DispatcherServlet.java:979) ~[spring-webmvc-6.1.6.jar:6.1.6]
	at org.springframework.web.servlet.FrameworkServlet.processRequest(FrameworkServlet.java:1014) ~[spring-webmvc-6.1.6.jar:6.1.6]
	at org.springframework.web.servlet.FrameworkServlet.doGet(FrameworkServlet.java:903) ~[spring-webmvc-6.1.6.jar:6.1.6]
	at jakarta.servlet.http.HttpServlet.service(HttpServlet.java:564) ~[tomcat-embed-core-10.1.20.jar:6.0]
	at org.springframework.web.servlet.FrameworkServlet.service(FrameworkServlet.java:885) ~[spring-webmvc-6.1.6.jar:6.1.6]
	at jakarta.servlet.http.HttpServlet.service(HttpServlet.java:658) ~[tomcat-embed-core-10.1.20.jar:6.0]
	at org.apache.catalina.core.ApplicationFilterChain.internalDoFilter(ApplicationFilterChain.java:206) ~[tomcat-embed-core-10.1.20.jar:10.1.20]
	at org.apache.catalina.core.ApplicationFilterChain.doFilter(ApplicationFilterChain.java:150) ~[tomcat-embed-core-10.1.20.jar:10.1.20]
	at org.apache.tomcat.websocket.server.WsFilter.doFilter(WsFilter.java:51) ~[tomcat-embed-websocket-10.1.20.jar:10.1.20]
	at org.apache.catalina.core.ApplicationFilterChain.internalDoFilter(ApplicationFilterChain.java:175) ~[tomcat-embed-core-10.1.20.jar:10.1.20]
	at org.apache.catalina.core.ApplicationFilterChain.doFilter(ApplicationFilterChain.java:150) ~[tomcat-embed-core-10.1.20.jar:10.1.20]
	at org.springframework.web.filter.RequestContextFilter.doFilterInternal(RequestContextFilter.java:100) ~[spring-web-6.1.6.jar:6.1.6]
	at org.springframework.web.filter.OncePerRequestFilter.doFilter(OncePerRequestFilter.java:116) ~[spring-web-6.1.6.jar:6.1.6]
	at org.apache.catalina.core.ApplicationFilterChain.internalDoFilter(ApplicationFilterChain.java:175) ~[tomcat-embed-core-10.1.20.jar:10.1.20]
	at org.apache.catalina.core.ApplicationFilterChain.doFilter(ApplicationFilterChain.java:150) ~[tomcat-embed-core-10.1.20.jar:10.1.20]
	at org.springframework.web.filter.FormContentFilter.doFilterInternal(FormContentFilter.java:93) ~[spring-web-6.1.6.jar:6.1.6]
	at org.springframework.web.filter.OncePerRequestFilter.doFilter(OncePerRequestFilter.java:116) ~[spring-web-6.1.6.jar:6.1.6]
	at org.apache.catalina.core.ApplicationFilterChain.internalDoFilter(ApplicationFilterChain.java:175) ~[tomcat-embed-core-10.1.20.jar:10.1.20]
	at org.apache.catalina.core.ApplicationFilterChain.doFilter(ApplicationFilterChain.java:150) ~[tomcat-embed-core-10.1.20.jar:10.1.20]
	at org.springframework.web.filter.CharacterEncodingFilter.doFilterInternal(CharacterEncodingFilter.java:201) ~[spring-web-6.1.6.jar:6.1.6]
	at org.springframework.web.filter.OncePerRequestFilter.doFilter(OncePerRequestFilter.java:116) ~[spring-web-6.1.6.jar:6.1.6]
	at org.apache.catalina.core.ApplicationFilterChain.internalDoFilter(ApplicationFilterChain.java:175) ~[tomcat-embed-core-10.1.20.jar:10.1.20]
	at org.apache.catalina.core.ApplicationFilterChain.doFilter(ApplicationFilterChain.java:150) ~[tomcat-embed-core-10.1.20.jar:10.1.20]
	at org.apache.catalina.core.StandardWrapperValve.invoke(StandardWrapperValve.java:167) ~[tomcat-embed-core-10.1.20.jar:10.1.20]
	at org.apache.catalina.core.StandardContextValve.invoke(StandardContextValve.java:90) ~[tomcat-embed-core-10.1.20.jar:10.1.20]
	at org.apache.catalina.authenticator.AuthenticatorBase.invoke(AuthenticatorBase.java:482) ~[tomcat-embed-core-10.1.20.jar:10.1.20]
	at org.apache.catalina.core.StandardHostValve.invoke(StandardHostValve.java:115) ~[tomcat-embed-core-10.1.20.jar:10.1.20]
	at org.apache.catalina.valves.ErrorReportValve.invoke(ErrorReportValve.java:93) ~[tomcat-embed-core-10.1.20.jar:10.1.20]
	at org.apache.catalina.core.StandardEngineValve.invoke(StandardEngineValve.java:74) ~[tomcat-embed-core-10.1.20.jar:10.1.20]
	at org.apache.catalina.connector.CoyoteAdapter.service(CoyoteAdapter.java:344) ~[tomcat-embed-core-10.1.20.jar:10.1.20]
	at org.apache.coyote.http11.Http11Processor.service(Http11Processor.java:391) ~[tomcat-embed-core-10.1.20.jar:10.1.20]
	at org.apache.coyote.AbstractProcessorLight.process(AbstractProcessorLight.java:63) ~[tomcat-embed-core-10.1.20.jar:10.1.20]
	at org.apache.coyote.AbstractProtocol$ConnectionHandler.process(AbstractProtocol.java:896) ~[tomcat-embed-core-10.1.20.jar:10.1.20]
	at org.apache.tomcat.util.net.NioEndpoint$SocketProcessor.doRun(NioEndpoint.java:1736) ~[tomcat-embed-core-10.1.20.jar:10.1.20]
	at org.apache.tomcat.util.net.SocketProcessorBase.run(SocketProcessorBase.java:52) ~[tomcat-embed-core-10.1.20.jar:10.1.20]
	at org.apache.tomcat.util.threads.ThreadPoolExecutor.runWorker(ThreadPoolExecutor.java:1191) ~[tomcat-embed-core-10.1.20.jar:10.1.20]
	at org.apache.tomcat.util.threads.ThreadPoolExecutor$Worker.run(ThreadPoolExecutor.java:659) ~[tomcat-embed-core-10.1.20.jar:10.1.20]
	at org.apache.tomcat.util.threads.TaskThread$WrappingRunnable.run(TaskThread.java:63) ~[tomcat-embed-core-10.1.20.jar:10.1.20]
	at java.base/java.lang.Thread.run(Thread.java:1583) [?:?]
